"date_cd","week_cd","month_cd","weekstart_dt","weekend_dt","monthstart_dt","monthend_dt","year_nm","month_nm","day_nm","week_nm","holiday_yn","holiday_desc","use_yn","std_dt","end_dt","update_dt","weekend_yn","public_holiday_yn","national_day_yn","twentyfourdiv_day_yn","sundry_day_yn","anniversary_day_yn","public_holiday_desc","national_day_desc","twentyfourdiv_day_desc","sundry_day_desc","anniversary_day_desc","days_desc"
"2025-01-01","2024-12-30~2025-01-05","2025-01","2024-12-30","2025-01-05","2025-01-01","2025-01-31","2025년","1월","1일","수","Y","1월1일","Y","2025-04-28","9999-12-31","2025-04-28 22:00:22.000000000","N","Y","Y","N","N","N","1월1일","1월1일","","","","1월1일"
"2025-01-02","2024-12-30~2025-01-05","2025-01","2024-12-30","2025-01-05","2025-01-01","2025-01-31","2025년","1월","2일","목","N","","Y","2025-04-28","9999-12-31","2025-04-28 22:00:22.000000000","N","N","N","N","N","N","","","","","",""
"2025-01-03","2024-12-30~2025-01-05","2025-01","2024-12-30","2025-01-05","2025-01-01","2025-01-31","2025년","1월","3일","금","N","","Y","2025-04-28","9999-12-31","2025-04-28 22:00:22.000000000","N","N","N","N","N","N","","","","","",""
"2025-01-04","2024-12-30~2025-01-05","2025-01","2024-12-30","2025-01-05","2025-01-01","2025-01-31","2025년","1월","4일","토","Y","","Y","2025-04-28","9999-12-31","2025-04-28 22:00:22.000000000","Y","N","N","N","N","N","","","","","",""
"2025-01-05","2024-12-30~2025-01-05","2025-01","2024-12-30","2025-01-05","2025-01-01","2025-01-31","2025년","1월","5일","일","Y","","Y","2025-04-28","9999-12-31","2025-04-28 22:00:22.000000000","Y","N","N","Y","N","N","","","소한","","","소한"
"2025-01-06","2025-01-06~2025-01-12","2025-01","2025-01-06","2025-01-12","2025-01-01","2025-01-31","2025년","1월","6일","월","N","","Y","2025-04-28","9999-12-31","2025-04-28 22:00:22.000000000","N","N","N","N","N","N","","","","","",""
"2025-01-07","2025-01-06~2025-01-12","2025-01","2025-01-06","2025-01-12","2025-01-01","2025-01-31","2025년","1월","7일","화","N","","Y","2025-04-28","9999-12-31","2025-04-28 22:00:22.000000000","N","N","N","N","N","N","","","","","",""
"2025-01-08","2025-01-06~2025-01-12","2025-01","2025-01-06","2025-01-12","2025-01-01","2025-01-31","2025년","1월","8일","수","N","","Y","2025-04-28","9999-12-31","2025-04-28 22:00:22.000000000","N","N","N","N","N","N","","","","","",""
"2025-01-09","2025-01-06~2025-01-12","2025-01","2025-01-06","2025-01-12","2025-01-01","2025-01-31","2025년","1월","9일","목","N","","Y","2025-04-28","9999-12-31","2025-04-28 22:00:22.000000000","N","N","N","N","N","N","","","","","",""
"2025-01-10","2025-01-06~2025-01-12","2025-01","2025-01-06","2025-01-12","2025-01-01","2025-01-31","2025년","1월","10일","금","N","","Y","2025-04-28","9999-12-31","2025-04-28 22:00:22.000000000","N","N","N","N","N","N","","","","","",""
"2025-01-11","2025-01-06~2025-01-12","2025-01","2025-01-06","2025-01-12","2025-01-01","2025-01-31","2025년","1월","11일","토","Y","","Y","2025-04-28","9999-12-31","2025-04-28 22:00:22.000000000","Y","N","N","N","N","N","","","","","",""
"2025-01-12","2025-01-06~2025-01-12","2025-01","2025-01-06","2025-01-12","2025-01-01","2025-01-31","2025년","1월","12일","일","Y","","Y","2025-04-28","9999-12-31","2025-04-28 22:00:22.000000000","Y","N","N","N","N","N","","","","","",""
"2025-01-13","2025-01-13~2025-01-19","2025-01","2025-01-13","2025-01-19","2025-01-01","2025-01-31","2025년","1월","13일","월","N","","Y","2025-04-28","9999-12-31","2025-04-28 22:00:22.000000000","N","N","N","N","N","N","","","","","",""
"2025-01-14","2025-01-13~2025-01-19","2025-01","2025-01-13","2025-01-19","2025-01-01","2025-01-31","2025년","1월","14일","화","N","","Y","2025-04-28","9999-12-31","2025-04-28 22:00:22.000000000","N","N","N","N","N","N","","","","","",""
"2025-01-15","2025-01-13~2025-01-19","2025-01","2025-01-13","2025-01-19","2025-01-01","2025-01-31","2025년","1월","15일","수","N","","Y","2025-04-28","9999-12-31","2025-04-28 22:00:22.000000000","N","N","N","N","N","N","","","","","",""
"2025-01-16","2025-01-13~2025-01-19","2025-01","2025-01-13","2025-01-19","2025-01-01","2025-01-31","2025년","1월","16일","목","N","","Y","2025-04-28","9999-12-31","2025-04-28 22:00:22.000000000","N","N","N","N","N","N","","","","","",""
"2025-01-17","2025-01-13~2025-01-19","2025-01","2025-01-13","2025-01-19","2025-01-01","2025-01-31","2025년","1월","17일","금","N","","Y","2025-04-28","9999-12-31","2025-04-28 22:00:22.000000000","N","N","N","N","N","N","","","","","",""
"2025-01-18","2025-01-13~2025-01-19","2025-01","2025-01-13","2025-01-19","2025-01-01","2025-01-31","2025년","1월","18일","토","Y","","Y","2025-04-28","9999-12-31","2025-04-28 22:00:22.000000000","Y","N","N","N","N","N","","","","","",""
"2025-01-19","2025-01-13~2025-01-19","2025-01","2025-01-13","2025-01-19","2025-01-01","2025-01-31","2025년","1월","19일","일","Y","","Y","2025-04-28","9999-12-31","2025-04-28 22:00:22.000000000","Y","N","N","N","N","N","","","","","",""
"2025-01-20","2025-01-20~2025-01-26","2025-01","2025-01-20","2025-01-26","2025-01-01","2025-01-31","2025년","1월","20일","월","N","","Y","2025-04-28","9999-12-31","2025-04-28 22:00:22.000000000","N","N","N","Y","N","N","","","대한","","","대한"
"2025-01-21","2025-01-20~2025-01-26","2025-01","2025-01-20","2025-01-26","2025-01-01","2025-01-31","2025년","1월","21일","화","N","","Y","2025-04-28","9999-12-31","2025-04-28 22:00:22.000000000","N","N","N","N","N","N","","","","","",""
"2025-01-22","2025-01-20~2025-01-26","2025-01","2025-01-20","2025-01-26","2025-01-01","2025-01-31","2025년","1월","22일","수","N","","Y","2025-04-28","9999-12-31","2025-04-28 22:00:22.000000000","N","N","N","N","N","N","","","","","",""
"2025-01-23","2025-01-20~2025-01-26","2025-01","2025-01-20","2025-01-26","2025-01-01","2025-01-31","2025년","1월","23일","목","N","","Y","2025-04-28","9999-12-31","2025-04-28 22:00:22.000000000","N","N","N","N","N","N","","","","","",""
"2025-01-24","2025-01-20~2025-01-26","2025-01","2025-01-20","2025-01-26","2025-01-01","2025-01-31","2025년","1월","24일","금","N","","Y","2025-04-28","9999-12-31","2025-04-28 22:00:22.000000000","N","N","N","N","N","N","","","","","",""
"2025-01-25","2025-01-20~2025-01-26","2025-01","2025-01-20","2025-01-26","2025-01-01","2025-01-31","2025년","1월","25일","토","Y","","Y","2025-04-28","9999-12-31","2025-04-28 22:00:22.000000000","Y","N","N","N","N","N","","","","","",""
"2025-01-26","2025-01-20~2025-01-26","2025-01","2025-01-20","2025-01-26","2025-01-01","2025-01-31","2025년","1월","26일","일","Y","","Y","2025-04-28","9999-12-31","2025-04-28 22:00:22.000000000","Y","N","N","N","N","N","","","","","",""
"2025-01-27","2025-01-27~2025-02-02","2025-01","2025-01-27","2025-02-02","2025-01-01","2025-01-31","2025년","1월","27일","월","Y","임시공휴일","Y","2025-04-28","9999-12-31","2025-04-28 22:00:22.000000000","N","Y","Y","N","N","N","임시공휴일","임시공휴일","","","","임시공휴일"
"2025-01-28","2025-01-27~2025-02-02","2025-01","2025-01-27","2025-02-02","2025-01-01","2025-01-31","2025년","1월","28일","화","Y","설날","Y","2025-04-28","9999-12-31","2025-04-28 22:00:22.000000000","N","Y","Y","N","N","N","설날","설날","","","","설날"
"2025-01-29","2025-01-27~2025-02-02","2025-01","2025-01-27","2025-02-02","2025-01-01","2025-01-31","2025년","1월","29일","수","Y","설날","Y","2025-04-28","9999-12-31","2025-04-28 22:00:22.000000000","N","Y","Y","N","N","N","설날","설날","","","","설날"
"2025-01-30","2025-01-27~2025-02-02","2025-01","2025-01-27","2025-02-02","2025-01-01","2025-01-31","2025년","1월","30일","목","Y","설날","Y","2025-04-28","9999-12-31","2025-04-28 22:00:22.000000000","N","Y","Y","N","N","N","설날","설날","","","","설날"
"2025-01-31","2025-01-27~2025-02-02","2025-01","2025-01-27","2025-02-02","2025-01-01","2025-01-31","2025년","1월","31일","금","N","","Y","2025-04-28","9999-12-31","2025-04-28 22:00:22.000000000","N","N","N","N","N","N","","","","","",""
"2025-02-01","2025-01-27~2025-02-02","2025-02","2025-01-27","2025-02-02","2025-02-01","2025-02-28","2025년","2월","1일","토","Y","","Y","2025-04-28","9999-12-31","2025-04-28 22:00:22.000000000","Y","N","N","N","N","N","","","","","",""
"2025-02-02","2025-01-27~2025-02-02","2025-02","2025-01-27","2025-02-02","2025-02-01","2025-02-28","2025년","2월","2일","일","Y","","Y","2025-04-28","9999-12-31","2025-04-28 22:00:22.000000000","Y","N","N","N","N","N","","","","","",""
"2025-02-03","2025-02-03~2025-02-09","2025-02","2025-02-03","2025-02-09","2025-02-01","2025-02-28","2025년","2월","3일","월","N","","Y","2025-04-28","9999-12-31","2025-04-28 22:00:22.000000000","N","N","N","Y","N","N","","","입춘","","","입춘"
"2025-02-04","2025-02-03~2025-02-09","2025-02","2025-02-03","2025-02-09","2025-02-01","2025-02-28","2025년","2월","4일","화","N","","Y","2025-04-28","9999-12-31","2025-04-28 22:00:22.000000000","N","N","N","N","N","N","","","","","",""
"2025-02-05","2025-02-03~2025-02-09","2025-02","2025-02-03","2025-02-09","2025-02-01","2025-02-28","2025년","2월","5일","수","N","","Y","2025-04-28","9999-12-31","2025-04-28 22:00:22.000000000","N","N","N","N","N","N","","","","","",""
"2025-02-06","2025-02-03~2025-02-09","2025-02","2025-02-03","2025-02-09","2025-02-01","2025-02-28","2025년","2월","6일","목","N","","Y","2025-04-28","9999-12-31","2025-04-28 22:00:22.000000000","N","N","N","N","N","N","","","","","",""
"2025-02-07","2025-02-03~2025-02-09","2025-02","2025-02-03","2025-02-09","2025-02-01","2025-02-28","2025년","2월","7일","금","N","","Y","2025-04-28","9999-12-31","2025-04-28 22:00:22.000000000","N","N","N","N","N","N","","","","","",""
"2025-02-08","2025-02-03~2025-02-09","2025-02","2025-02-03","2025-02-09","2025-02-01","2025-02-28","2025년","2월","8일","토","Y","","Y","2025-04-28","9999-12-31","2025-04-28 22:00:22.000000000","Y","N","N","N","N","N","","","","","",""
"2025-02-09","2025-02-03~2025-02-09","2025-02","2025-02-03","2025-02-09","2025-02-01","2025-02-28","2025년","2월","9일","일","Y","","Y","2025-04-28","9999-12-31","2025-04-28 22:00:22.000000000","Y","N","N","N","N","N","","","","","",""
"2025-02-10","2025-02-10~2025-02-16","2025-02","2025-02-10","2025-02-16","2025-02-01","2025-02-28","2025년","2월","10일","월","N","","Y","2025-04-28","9999-12-31","2025-04-28 22:00:22.000000000","N","N","N","N","N","N","","","","","",""
"2025-02-11","2025-02-10~2025-02-16","2025-02","2025-02-10","2025-02-16","2025-02-01","2025-02-28","2025년","2월","11일","화","N","","Y","2025-04-28","9999-12-31","2025-04-28 22:00:22.000000000","N","N","N","N","N","N","","","","","",""
"2025-02-12","2025-02-10~2025-02-16","2025-02","2025-02-10","2025-02-16","2025-02-01","2025-02-28","2025년","2월","12일","수","N","","Y","2025-04-28","9999-12-31","2025-04-28 22:00:22.000000000","N","N","N","N","Y","N","","","","정월대보름","","정월대보름"
"2025-02-13","2025-02-10~2025-02-16","2025-02","2025-02-10","2025-02-16","2025-02-01","2025-02-28","2025년","2월","13일","목","N","","Y","2025-04-28","9999-12-31","2025-04-28 22:00:22.000000000","N","N","N","N","N","N","","","","","",""
"2025-02-14","2025-02-10~2025-02-16","2025-02","2025-02-10","2025-02-16","2025-02-01","2025-02-28","2025년","2월","14일","금","N","","Y","2025-04-28","9999-12-31","2025-04-28 22:00:22.000000000","N","N","N","N","N","N","","","","","",""
"2025-02-15","2025-02-10~2025-02-16","2025-02","2025-02-10","2025-02-16","2025-02-01","2025-02-28","2025년","2월","15일","토","Y","","Y","2025-04-28","9999-12-31","2025-04-28 22:00:22.000000000","Y","N","N","N","N","N","","","","","",""
"2025-02-16","2025-02-10~2025-02-16","2025-02","2025-02-10","2025-02-16","2025-02-01","2025-02-28","2025년","2월","16일","일","Y","","Y","2025-04-28","9999-12-31","2025-04-28 22:00:22.000000000","Y","N","N","N","N","N","","","","","",""
"2025-02-17","2025-02-17~2025-02-23","2025-02","2025-02-17","2025-02-23","2025-02-01","2025-02-28","2025년","2월","17일","월","N","","Y","2025-04-28","9999-12-31","2025-04-28 22:00:22.000000000","N","N","N","N","N","N","","","","","",""
"2025-02-18","2025-02-17~2025-02-23","2025-02","2025-02-17","2025-02-23","2025-02-01","2025-02-28","2025년","2월","18일","화","N","","Y","2025-04-28","9999-12-31","2025-04-28 22:00:22.000000000","N","N","N","Y","N","N","","","우수","","","우수"
"2025-02-19","2025-02-17~2025-02-23","2025-02","2025-02-17","2025-02-23","2025-02-01","2025-02-28","2025년","2월","19일","수","N","","Y","2025-04-28","9999-12-31","2025-04-28 22:00:22.000000000","N","N","N","N","N","N","","","","","",""
"2025-02-20","2025-02-17~2025-02-23","2025-02","2025-02-17","2025-02-23","2025-02-01","2025-02-28","2025년","2월","20일","목","N","","Y","2025-04-28","9999-12-31","2025-04-28 22:00:22.000000000","N","N","N","N","N","N","","","","","",""
"2025-02-21","2025-02-17~2025-02-23","2025-02","2025-02-17","2025-02-23","2025-02-01","2025-02-28","2025년","2월","21일","금","N","","Y","2025-04-28","9999-12-31","2025-04-28 22:00:22.000000000","N","N","N","N","N","N","","","","","",""
"2025-02-22","2025-02-17~2025-02-23","2025-02","2025-02-17","2025-02-23","2025-02-01","2025-02-28","2025년","2월","22일","토","Y","","Y","2025-04-28","9999-12-31","2025-04-28 22:00:22.000000000","Y","N","N","N","N","N","","","","","",""
"2025-02-23","2025-02-17~2025-02-23","2025-02","2025-02-17","2025-02-23","2025-02-01","2025-02-28","2025년","2월","23일","일","Y","","Y","2025-04-28","9999-12-31","2025-04-28 22:00:22.000000000","Y","N","N","N","N","N","","","","","",""
"2025-02-24","2025-02-24~2025-03-02","2025-02","2025-02-24","2025-03-02","2025-02-01","2025-02-28","2025년","2월","24일","월","N","","Y","2025-04-28","9999-12-31","2025-04-28 22:00:22.000000000","N","N","N","N","N","N","","","","","",""
"2025-02-25","2025-02-24~2025-03-02","2025-02","2025-02-24","2025-03-02","2025-02-01","2025-02-28","2025년","2월","25일","화","N","","Y","2025-04-28","9999-12-31","2025-04-28 22:00:22.000000000","N","N","N","N","N","N","","","","","",""
"2025-02-26","2025-02-24~2025-03-02","2025-02","2025-02-24","2025-03-02","2025-02-01","2025-02-28","2025년","2월","26일","수","N","","Y","2025-04-28","9999-12-31","2025-04-28 22:00:22.000000000","N","N","N","N","N","N","","","","","",""
"2025-02-27","2025-02-24~2025-03-02","2025-02","2025-02-24","2025-03-02","2025-02-01","2025-02-28","2025년","2월","27일","목","N","","Y","2025-04-28","9999-12-31","2025-04-28 22:00:22.000000000","N","N","N","N","N","N","","","","","",""
"2025-02-28","2025-02-24~2025-03-02","2025-02","2025-02-24","2025-03-02","2025-02-01","2025-02-28","2025년","2월","28일","금","N","","Y","2025-04-28","9999-12-31","2025-04-28 22:00:22.000000000","N","N","N","N","N","Y","","","","","2·28 민주운동 기념일","2·28 민주운동 기념일"
"2025-03-01","2025-02-24~2025-03-02","2025-03","2025-02-24","2025-03-02","2025-03-01","2025-03-31","2025년","3월","1일","토","Y","삼일절","Y","2025-04-28","9999-12-31","2025-04-28 22:00:22.000000000","Y","Y","Y","N","N","N","삼일절","삼일절","","","","삼일절"
"2025-03-02","2025-02-24~2025-03-02","2025-03","2025-02-24","2025-03-02","2025-03-01","2025-03-31","2025년","3월","2일","일","Y","","Y","2025-04-28","9999-12-31","2025-04-28 22:00:22.000000000","Y","N","N","N","N","N","","","","","",""
"2025-03-03","2025-03-03~2025-03-09","2025-03","2025-03-03","2025-03-09","2025-03-01","2025-03-31","2025년","3월","3일","월","Y","대체공휴일","Y","2025-04-28","9999-12-31","2025-04-28 22:00:22.000000000","N","Y","Y","N","N","Y","대체공휴일","대체공휴일","","","납세자의 날","대체공휴일,납세자의 날"
"2025-03-04","2025-03-03~2025-03-09","2025-03","2025-03-03","2025-03-09","2025-03-01","2025-03-31","2025년","3월","4일","화","N","","Y","2025-04-28","9999-12-31","2025-04-28 22:00:22.000000000","N","N","N","N","N","N","","","","","",""
"2025-03-05","2025-03-03~2025-03-09","2025-03","2025-03-03","2025-03-09","2025-03-01","2025-03-31","2025년","3월","5일","수","N","","Y","2025-04-28","9999-12-31","2025-04-28 22:00:22.000000000","N","N","N","Y","N","N","","","경칩","","","경칩"
"2025-03-06","2025-03-03~2025-03-09","2025-03","2025-03-03","2025-03-09","2025-03-01","2025-03-31","2025년","3월","6일","목","N","","Y","2025-04-28","9999-12-31","2025-04-28 22:00:22.000000000","N","N","N","N","N","N","","","","","",""
"2025-03-07","2025-03-03~2025-03-09","2025-03","2025-03-03","2025-03-09","2025-03-01","2025-03-31","2025년","3월","7일","금","N","","Y","2025-04-28","9999-12-31","2025-04-28 22:00:22.000000000","N","N","N","N","N","N","","","","","",""
"2025-03-08","2025-03-03~2025-03-09","2025-03","2025-03-03","2025-03-09","2025-03-01","2025-03-31","2025년","3월","8일","토","Y","","Y","2025-04-28","9999-12-31","2025-04-28 22:00:22.000000000","Y","N","N","N","N","Y","","","","","3·8민주의거 기념일","3·8민주의거 기념일"
"2025-03-09","2025-03-03~2025-03-09","2025-03","2025-03-03","2025-03-09","2025-03-01","2025-03-31","2025년","3월","9일","일","Y","","Y","2025-04-28","9999-12-31","2025-04-28 22:00:22.000000000","Y","N","N","N","N","N","","","","","",""
"2025-03-10","2025-03-10~2025-03-16","2025-03","2025-03-10","2025-03-16","2025-03-01","2025-03-31","2025년","3월","10일","월","N","","Y","2025-04-28","9999-12-31","2025-04-28 22:00:22.000000000","N","N","N","N","N","N","","","","","",""
"2025-03-11","2025-03-10~2025-03-16","2025-03","2025-03-10","2025-03-16","2025-03-01","2025-03-31","2025년","3월","11일","화","N","","Y","2025-04-28","9999-12-31","2025-04-28 22:00:22.000000000","N","N","N","N","N","N","","","","","",""
"2025-03-12","2025-03-10~2025-03-16","2025-03","2025-03-10","2025-03-16","2025-03-01","2025-03-31","2025년","3월","12일","수","N","","Y","2025-04-28","9999-12-31","2025-04-28 22:00:22.000000000","N","N","N","N","N","N","","","","","",""
"2025-03-13","2025-03-10~2025-03-16","2025-03","2025-03-10","2025-03-16","2025-03-01","2025-03-31","2025년","3월","13일","목","N","","Y","2025-04-28","9999-12-31","2025-04-28 22:00:22.000000000","N","N","N","N","N","N","","","","","",""
"2025-03-14","2025-03-10~2025-03-16","2025-03","2025-03-10","2025-03-16","2025-03-01","2025-03-31","2025년","3월","14일","금","N","","Y","2025-04-28","9999-12-31","2025-04-28 22:00:22.000000000","N","N","N","N","N","N","","","","","",""
"2025-03-15","2025-03-10~2025-03-16","2025-03","2025-03-10","2025-03-16","2025-03-01","2025-03-31","2025년","3월","15일","토","Y","","Y","2025-04-28","9999-12-31","2025-04-28 22:00:22.000000000","Y","N","N","N","N","Y","","","","","3·15 의거 기념일","3·15 의거 기념일"
"2025-03-16","2025-03-10~2025-03-16","2025-03","2025-03-10","2025-03-16","2025-03-01","2025-03-31","2025년","3월","16일","일","Y","","Y","2025-04-28","9999-12-31","2025-04-28 22:00:22.000000000","Y","N","N","N","N","N","","","","","",""
"2025-03-17","2025-03-17~2025-03-23","2025-03","2025-03-17","2025-03-23","2025-03-01","2025-03-31","2025년","3월","17일","월","N","","Y","2025-04-28","9999-12-31","2025-04-28 22:00:22.000000000","N","N","N","N","N","N","","","","","",""
"2025-03-18","2025-03-17~2025-03-23","2025-03","2025-03-17","2025-03-23","2025-03-01","2025-03-31","2025년","3월","18일","화","N","","Y","2025-04-28","9999-12-31","2025-04-28 22:00:22.000000000","N","N","N","N","N","N","","","","","",""
"2025-03-19","2025-03-17~2025-03-23","2025-03","2025-03-17","2025-03-23","2025-03-01","2025-03-31","2025년","3월","19일","수","N","","Y","2025-04-28","9999-12-31","2025-04-28 22:00:22.000000000","N","N","N","N","N","Y","","","","","상공의 날,의용소방대의 날","상공의 날,의용소방대의 날"
"2025-03-20","2025-03-17~2025-03-23","2025-03","2025-03-17","2025-03-23","2025-03-01","2025-03-31","2025년","3월","20일","목","N","","Y","2025-04-28","9999-12-31","2025-04-28 22:00:22.000000000","N","N","N","Y","N","N","","","춘분","","","춘분"
"2025-03-21","2025-03-17~2025-03-23","2025-03","2025-03-17","2025-03-23","2025-03-01","2025-03-31","2025년","3월","21일","금","N","","Y","2025-04-28","9999-12-31","2025-04-28 22:00:22.000000000","N","N","N","N","N","N","","","","","",""
"2025-03-22","2025-03-17~2025-03-23","2025-03","2025-03-17","2025-03-23","2025-03-01","2025-03-31","2025년","3월","22일","토","Y","","Y","2025-04-28","9999-12-31","2025-04-28 22:00:22.000000000","Y","N","N","N","N","N","","","","","",""
"2025-03-23","2025-03-17~2025-03-23","2025-03","2025-03-17","2025-03-23","2025-03-01","2025-03-31","2025년","3월","23일","일","Y","","Y","2025-04-28","9999-12-31","2025-04-28 22:00:22.000000000","Y","N","N","N","N","N","","","","","",""
"2025-03-24","2025-03-24~2025-03-30","2025-03","2025-03-24","2025-03-30","2025-03-01","2025-03-31","2025년","3월","24일","월","N","","Y","2025-04-28","9999-12-31","2025-04-28 22:00:22.000000000","N","N","N","N","N","N","","","","","",""
"2025-03-25","2025-03-24~2025-03-30","2025-03","2025-03-24","2025-03-30","2025-03-01","2025-03-31","2025년","3월","25일","화","N","","Y","2025-04-28","9999-12-31","2025-04-28 22:00:22.000000000","N","N","N","N","N","N","","","","","",""
"2025-03-26","2025-03-24~2025-03-30","2025-03","2025-03-24","2025-03-30","2025-03-01","2025-03-31","2025년","3월","26일","수","N","","Y","2025-04-28","9999-12-31","2025-04-28 22:00:22.000000000","N","N","N","N","N","N","","","","","",""
"2025-03-27","2025-03-24~2025-03-30","2025-03","2025-03-24","2025-03-30","2025-03-01","2025-03-31","2025년","3월","27일","목","N","","Y","2025-04-28","9999-12-31","2025-04-28 22:00:22.000000000","N","N","N","N","N","N","","","","","",""
"2025-03-28","2025-03-24~2025-03-30","2025-03","2025-03-24","2025-03-30","2025-03-01","2025-03-31","2025년","3월","28일","금","N","","Y","2025-04-28","9999-12-31","2025-04-28 22:00:22.000000000","N","N","N","N","N","Y","","","","","서해수호의 날","서해수호의 날"
"2025-03-29","2025-03-24~2025-03-30","2025-03","2025-03-24","2025-03-30","2025-03-01","2025-03-31","2025년","3월","29일","토","Y","","Y","2025-04-28","9999-12-31","2025-04-28 22:00:22.000000000","Y","N","N","N","N","N","","","","","",""
"2025-03-30","2025-03-24~2025-03-30","2025-03","2025-03-24","2025-03-30","2025-03-01","2025-03-31","2025년","3월","30일","일","Y","","Y","2025-04-28","9999-12-31","2025-04-28 22:00:22.000000000","Y","N","N","N","N","N","","","","","",""
"2025-03-31","2025-03-31~2025-04-06","2025-03","2025-03-31","2025-04-06","2025-03-01","2025-03-31","2025년","3월","31일","월","N","","Y","2025-04-28","9999-12-31","2025-04-28 22:00:22.000000000","N","N","N","N","N","N","","","","","",""
"2025-04-01","2025-03-31~2025-04-06","2025-04","2025-03-31","2025-04-06","2025-04-01","2025-04-30","2025년","4월","1일","화","N","","Y","2025-04-28","9999-12-31","2025-04-28 22:00:22.000000000","N","N","N","N","N","N","","","","","",""
"2025-04-02","2025-03-31~2025-04-06","2025-04","2025-03-31","2025-04-06","2025-04-01","2025-04-30","2025년","4월","2일","수","N","","Y","2025-04-28","9999-12-31","2025-04-28 22:00:22.000000000","N","N","N","N","N","N","","","","","",""
"2025-04-03","2025-03-31~2025-04-06","2025-04","2025-03-31","2025-04-06","2025-04-01","2025-04-30","2025년","4월","3일","목","N","","Y","2025-04-28","9999-12-31","2025-04-28 22:00:22.000000000","N","N","N","N","N","Y","","","","","4·3희생자 추념일","4·3희생자 추념일"
"2025-04-04","2025-03-31~2025-04-06","2025-04","2025-03-31","2025-04-06","2025-04-01","2025-04-30","2025년","4월","4일","금","N","","Y","2025-04-28","9999-12-31","2025-04-28 22:00:22.000000000","N","N","N","Y","N","Y","","","청명","","예비군의 날","예비군의 날,청명"
"2025-04-05","2025-03-31~2025-04-06","2025-04","2025-03-31","2025-04-06","2025-04-01","2025-04-30","2025년","4월","5일","토","Y","","Y","2025-04-28","9999-12-31","2025-04-28 22:00:22.000000000","Y","N","N","N","Y","Y","","","","한식","식목일","식목일,한식"
"2025-04-06","2025-03-31~2025-04-06","2025-04","2025-03-31","2025-04-06","2025-04-01","2025-04-30","2025년","4월","6일","일","Y","","Y","2025-04-28","9999-12-31","2025-04-28 22:00:22.000000000","Y","N","N","N","N","N","","","","","",""
"2025-04-07","2025-04-07~2025-04-13","2025-04","2025-04-07","2025-04-13","2025-04-01","2025-04-30","2025년","4월","7일","월","N","","Y","2025-04-28","9999-12-31","2025-04-28 22:00:22.000000000","N","N","N","N","N","Y","","","","","보건의 날","보건의 날"
"2025-04-08","2025-04-07~2025-04-13","2025-04","2025-04-07","2025-04-13","2025-04-01","2025-04-30","2025년","4월","8일","화","N","","Y","2025-04-28","9999-12-31","2025-04-28 22:00:22.000000000","N","N","N","N","N","N","","","","","",""
"2025-04-09","2025-04-07~2025-04-13","2025-04","2025-04-07","2025-04-13","2025-04-01","2025-04-30","2025년","4월","9일","수","N","","Y","2025-04-28","9999-12-31","2025-04-28 22:00:22.000000000","N","N","N","N","N","N","","","","","",""
"2025-04-10","2025-04-07~2025-04-13","2025-04","2025-04-07","2025-04-13","2025-04-01","2025-04-30","2025년","4월","10일","목","N","","Y","2025-04-28","9999-12-31","2025-04-28 22:00:22.000000000","N","N","N","N","N","N","","","","","",""
"2025-04-11","2025-04-07~2025-04-13","2025-04","2025-04-07","2025-04-13","2025-04-01","2025-04-30","2025년","4월","11일","금","N","","Y","2025-04-28","9999-12-31","2025-04-28 22:00:22.000000000","N","N","N","N","N","Y","","","","","대한민국임시정부 수립기념일,도시농업의 날","도시농업의 날,대한민국임시정부 수립기념일"
"2025-04-12","2025-04-07~2025-04-13","2025-04","2025-04-07","2025-04-13","2025-04-01","2025-04-30","2025년","4월","12일","토","Y","","Y","2025-04-28","9999-12-31","2025-04-28 22:00:22.000000000","Y","N","N","N","N","N","","","","","",""
"2025-04-13","2025-04-07~2025-04-13","2025-04","2025-04-07","2025-04-13","2025-04-01","2025-04-30","2025년","4월","13일","일","Y","","Y","2025-04-28","9999-12-31","2025-04-28 22:00:22.000000000","Y","N","N","N","N","N","","","","","",""
"2025-04-14","2025-04-14~2025-04-20","2025-04","2025-04-14","2025-04-20","2025-04-01","2025-04-30","2025년","4월","14일","월","N","","Y","2025-04-28","9999-12-31","2025-04-28 22:00:22.000000000","N","N","N","N","N","N","","","","","",""
"2025-04-15","2025-04-14~2025-04-20","2025-04","2025-04-14","2025-04-20","2025-04-01","2025-04-30","2025년","4월","15일","화","N","","Y","2025-04-28","9999-12-31","2025-04-28 22:00:22.000000000","N","N","N","N","N","N","","","","","",""
"2025-04-16","2025-04-14~2025-04-20","2025-04","2025-04-14","2025-04-20","2025-04-01","2025-04-30","2025년","4월","16일","수","N","","Y","2025-04-28","9999-12-31","2025-04-28 22:00:22.000000000","N","N","N","N","N","N","","","","","",""
"2025-04-17","2025-04-14~2025-04-20","2025-04","2025-04-14","2025-04-20","2025-04-01","2025-04-30","2025년","4월","17일","목","N","","Y","2025-04-28","9999-12-31","2025-04-28 22:00:22.000000000","N","N","N","N","N","N","","","","","",""
"2025-04-18","2025-04-14~2025-04-20","2025-04","2025-04-14","2025-04-20","2025-04-01","2025-04-30","2025년","4월","18일","금","N","","Y","2025-04-28","9999-12-31","2025-04-28 22:00:22.000000000","N","N","N","N","N","N","","","","","",""
"2025-04-19","2025-04-14~2025-04-20","2025-04","2025-04-14","2025-04-20","2025-04-01","2025-04-30","2025년","4월","19일","토","Y","","Y","2025-04-28","9999-12-31","2025-04-28 22:00:22.000000000","Y","N","N","N","N","Y","","","","","4·19혁명 기념일","4·19혁명 기념일"
"2025-04-20","2025-04-14~2025-04-20","2025-04","2025-04-14","2025-04-20","2025-04-01","2025-04-30","2025년","4월","20일","일","Y","","Y","2025-04-28","9999-12-31","2025-04-28 22:00:22.000000000","Y","N","N","Y","N","Y","","","곡우","","장애인의 날","장애인의 날,곡우"
"2025-04-21","2025-04-21~2025-04-27","2025-04","2025-04-21","2025-04-27","2025-04-01","2025-04-30","2025년","4월","21일","월","N","","Y","2025-04-28","9999-12-31","2025-04-28 22:00:22.000000000","N","N","N","N","N","Y","","","","","과학의 날","과학의 날"
"2025-04-22","2025-04-21~2025-04-27","2025-04","2025-04-21","2025-04-27","2025-04-01","2025-04-30","2025년","4월","22일","화","N","","Y","2025-04-28","9999-12-31","2025-04-28 22:00:22.000000000","N","N","N","N","N","Y","","","","","정보통신의 날","정보통신의 날"
"2025-04-23","2025-04-21~2025-04-27","2025-04","2025-04-21","2025-04-27","2025-04-01","2025-04-30","2025년","4월","23일","수","N","","Y","2025-04-28","9999-12-31","2025-04-28 22:00:22.000000000","N","N","N","N","N","N","","","","","",""
"2025-04-24","2025-04-21~2025-04-27","2025-04","2025-04-21","2025-04-27","2025-04-01","2025-04-30","2025년","4월","24일","목","N","","Y","2025-04-28","9999-12-31","2025-04-28 22:00:22.000000000","N","N","N","N","N","N","","","","","",""
"2025-04-25","2025-04-21~2025-04-27","2025-04","2025-04-21","2025-04-27","2025-04-01","2025-04-30","2025년","4월","25일","금","N","","Y","2025-04-28","9999-12-31","2025-04-28 22:00:22.000000000","N","N","N","N","N","Y","","","","","법의 날,순직의무군경의 날","순직의무군경의 날,법의 날"
"2025-04-26","2025-04-21~2025-04-27","2025-04","2025-04-21","2025-04-27","2025-04-01","2025-04-30","2025년","4월","26일","토","Y","","Y","2025-04-28","9999-12-31","2025-04-28 22:00:22.000000000","Y","N","N","N","N","N","","","","","",""
"2025-04-27","2025-04-21~2025-04-27","2025-04","2025-04-21","2025-04-27","2025-04-01","2025-04-30","2025년","4월","27일","일","Y","","Y","2025-04-28","9999-12-31","2025-04-28 22:00:22.000000000","Y","N","N","N","N","N","","","","","",""
"2025-04-28","2025-04-28~2025-05-04","2025-04","2025-04-28","2025-05-04","2025-04-01","2025-04-30","2025년","4월","28일","월","N","","Y","2025-04-28","9999-12-31","2025-04-28 22:00:22.000000000","N","N","N","N","N","Y","","","","","충무공 이순신 탄신일","충무공 이순신 탄신일"
"2025-04-29","2025-04-28~2025-05-04","2025-04","2025-04-28","2025-05-04","2025-04-01","2025-04-30","2025년","4월","29일","화","N","","Y","2025-04-28","9999-12-31","2025-04-28 22:00:22.000000000","N","N","N","N","N","N","","","","","",""
"2025-04-30","2025-04-28~2025-05-04","2025-04","2025-04-28","2025-05-04","2025-04-01","2025-04-30","2025년","4월","30일","수","N","","Y","2025-04-28","9999-12-31","2025-04-28 22:00:22.000000000","N","N","N","N","N","N","","","","","",""
"2025-05-01","2025-04-28~2025-05-04","2025-05","2025-04-28","2025-05-04","2025-05-01","2025-05-31","2025년","5월","1일","목","N","","Y","2025-04-28","9999-12-31","2025-04-28 22:00:22.000000000","N","N","N","N","N","Y","","","","","근로자의 날","근로자의 날"
"2025-05-02","2025-04-28~2025-05-04","2025-05","2025-04-28","2025-05-04","2025-05-01","2025-05-31","2025년","5월","2일","금","N","","Y","2025-04-28","9999-12-31","2025-04-28 22:00:22.000000000","N","N","N","N","N","N","","","","","",""
"2025-05-03","2025-04-28~2025-05-04","2025-05","2025-04-28","2025-05-04","2025-05-01","2025-05-31","2025년","5월","3일","토","Y","","Y","2025-04-28","9999-12-31","2025-04-28 22:00:22.000000000","Y","N","N","N","N","N","","","","","",""
"2025-05-04","2025-04-28~2025-05-04","2025-05","2025-04-28","2025-05-04","2025-05-01","2025-05-31","2025년","5월","4일","일","Y","","Y","2025-04-28","9999-12-31","2025-04-28 22:00:22.000000000","Y","N","N","N","N","N","","","","","",""
"2025-05-05","2025-05-05~2025-05-11","2025-05","2025-05-05","2025-05-11","2025-05-01","2025-05-31","2025년","5월","5일","월","Y","부처님오신날","Y","2025-04-28","9999-12-31","2025-04-28 22:00:22.000000000","N","Y","Y","Y","N","Y","어린이날,부처님오신날","부처님오신날,어린이날","입하","","어린이 날","어린이 날,어린이날,입하,부처님오신날"
"2025-05-06","2025-05-05~2025-05-11","2025-05","2025-05-05","2025-05-11","2025-05-01","2025-05-31","2025년","5월","6일","화","Y","대체공휴일","Y","2025-04-28","9999-12-31","2025-04-28 22:00:22.000000000","N","Y","Y","N","N","N","대체공휴일","대체공휴일","","","","대체공휴일"
"2025-05-07","2025-05-05~2025-05-11","2025-05","2025-05-05","2025-05-11","2025-05-01","2025-05-31","2025년","5월","7일","수","N","","Y","2025-04-28","9999-12-31","2025-04-28 22:00:22.000000000","N","N","N","N","N","N","","","","","",""
"2025-05-08","2025-05-05~2025-05-11","2025-05","2025-05-05","2025-05-11","2025-05-01","2025-05-31","2025년","5월","8일","목","N","","Y","2025-04-28","9999-12-31","2025-04-28 22:00:22.000000000","N","N","N","N","N","Y","","","","","어버이 날","어버이 날"
"2025-05-09","2025-05-05~2025-05-11","2025-05","2025-05-05","2025-05-11","2025-05-01","2025-05-31","2025년","5월","9일","금","N","","Y","2025-04-28","9999-12-31","2025-04-28 22:00:22.000000000","N","N","N","N","N","N","","","","","",""
"2025-05-10","2025-05-05~2025-05-11","2025-05","2025-05-05","2025-05-11","2025-05-01","2025-05-31","2025년","5월","10일","토","Y","","Y","2025-04-28","9999-12-31","2025-04-28 22:00:22.000000000","Y","N","N","N","N","Y","","","","","유권자의 날","유권자의 날"
"2025-05-11","2025-05-05~2025-05-11","2025-05","2025-05-05","2025-05-11","2025-05-01","2025-05-31","2025년","5월","11일","일","Y","","Y","2025-04-28","9999-12-31","2025-04-28 22:00:22.000000000","Y","N","N","N","N","Y","","","","","입양의 날,동학농민혁명 기념일","동학농민혁명 기념일,입양의 날"
"2025-05-12","2025-05-12~2025-05-18","2025-05","2025-05-12","2025-05-18","2025-05-01","2025-05-31","2025년","5월","12일","월","N","","Y","2025-04-28","9999-12-31","2025-04-28 22:00:22.000000000","N","N","N","N","N","N","","","","","",""
"2025-05-13","2025-05-12~2025-05-18","2025-05","2025-05-12","2025-05-18","2025-05-01","2025-05-31","2025년","5월","13일","화","N","","Y","2025-04-28","9999-12-31","2025-04-28 22:00:22.000000000","N","N","N","N","N","N","","","","","",""
"2025-05-14","2025-05-12~2025-05-18","2025-05","2025-05-12","2025-05-18","2025-05-01","2025-05-31","2025년","5월","14일","수","N","","Y","2025-04-28","9999-12-31","2025-04-28 22:00:22.000000000","N","N","N","N","N","Y","","","","","식품안전의 날","식품안전의 날"
"2025-05-15","2025-05-12~2025-05-18","2025-05","2025-05-12","2025-05-18","2025-05-01","2025-05-31","2025년","5월","15일","목","N","","Y","2025-04-28","9999-12-31","2025-04-28 22:00:22.000000000","N","N","N","N","N","Y","","","","","스승의 날","스승의 날"
"2025-05-16","2025-05-12~2025-05-18","2025-05","2025-05-12","2025-05-18","2025-05-01","2025-05-31","2025년","5월","16일","금","N","","Y","2025-04-28","9999-12-31","2025-04-28 22:00:22.000000000","N","N","N","N","N","N","","","","","",""
"2025-05-17","2025-05-12~2025-05-18","2025-05","2025-05-12","2025-05-18","2025-05-01","2025-05-31","2025년","5월","17일","토","Y","","Y","2025-04-28","9999-12-31","2025-04-28 22:00:22.000000000","Y","N","N","N","N","N","","","","","",""
"2025-05-18","2025-05-12~2025-05-18","2025-05","2025-05-12","2025-05-18","2025-05-01","2025-05-31","2025년","5월","18일","일","Y","","Y","2025-04-28","9999-12-31","2025-04-28 22:00:22.000000000","Y","N","N","N","N","Y","","","","","5·18민주화운동 기념일","5·18민주화운동 기념일"
"2025-05-19","2025-05-19~2025-05-25","2025-05","2025-05-19","2025-05-25","2025-05-01","2025-05-31","2025년","5월","19일","월","N","","Y","2025-04-28","9999-12-31","2025-04-28 22:00:22.000000000","N","N","N","N","N","Y","","","","","성년의 날,발명의 날","발명의 날,성년의 날"
"2025-05-20","2025-05-19~2025-05-25","2025-05","2025-05-19","2025-05-25","2025-05-01","2025-05-31","2025년","5월","20일","화","N","","Y","2025-04-28","9999-12-31","2025-04-28 22:00:22.000000000","N","N","N","N","N","Y","","","","","세계인의 날","세계인의 날"
"2025-05-21","2025-05-19~2025-05-25","2025-05","2025-05-19","2025-05-25","2025-05-01","2025-05-31","2025년","5월","21일","수","N","","Y","2025-04-28","9999-12-31","2025-04-28 22:00:22.000000000","N","N","N","Y","N","Y","","","소만","","부부의 날","부부의 날,소만"
"2025-05-22","2025-05-19~2025-05-25","2025-05","2025-05-19","2025-05-25","2025-05-01","2025-05-31","2025년","5월","22일","목","N","","Y","2025-04-28","9999-12-31","2025-04-28 22:00:22.000000000","N","N","N","N","N","N","","","","","",""
"2025-05-23","2025-05-19~2025-05-25","2025-05","2025-05-19","2025-05-25","2025-05-01","2025-05-31","2025년","5월","23일","금","N","","Y","2025-04-28","9999-12-31","2025-04-28 22:00:22.000000000","N","N","N","N","N","N","","","","","",""
"2025-05-24","2025-05-19~2025-05-25","2025-05","2025-05-19","2025-05-25","2025-05-01","2025-05-31","2025년","5월","24일","토","Y","","Y","2025-04-28","9999-12-31","2025-04-28 22:00:22.000000000","Y","N","N","N","N","N","","","","","",""
"2025-05-25","2025-05-19~2025-05-25","2025-05","2025-05-19","2025-05-25","2025-05-01","2025-05-31","2025년","5월","25일","일","Y","","Y","2025-04-28","9999-12-31","2025-04-28 22:00:22.000000000","Y","N","N","N","N","N","","","","","",""
"2025-05-26","2025-05-26~2025-06-01","2025-05","2025-05-26","2025-06-01","2025-05-01","2025-05-31","2025년","5월","26일","월","N","","Y","2025-04-28","9999-12-31","2025-04-28 22:00:22.000000000","N","N","N","N","N","N","","","","","",""
"2025-05-27","2025-05-26~2025-06-01","2025-05","2025-05-26","2025-06-01","2025-05-01","2025-05-31","2025년","5월","27일","화","N","","Y","2025-04-28","9999-12-31","2025-04-28 22:00:22.000000000","N","N","N","N","N","N","","","","","",""
"2025-05-28","2025-05-26~2025-06-01","2025-05","2025-05-26","2025-06-01","2025-05-01","2025-05-31","2025년","5월","28일","수","N","","Y","2025-04-28","9999-12-31","2025-04-28 22:00:22.000000000","N","N","N","N","N","N","","","","","",""
"2025-05-29","2025-05-26~2025-06-01","2025-05","2025-05-26","2025-06-01","2025-05-01","2025-05-31","2025년","5월","29일","목","N","","Y","2025-04-28","9999-12-31","2025-04-28 22:00:22.000000000","N","N","N","N","N","Y","","","","","해외 파병용사의 날","해외 파병용사의 날"
"2025-05-30","2025-05-26~2025-06-01","2025-05","2025-05-26","2025-06-01","2025-05-01","2025-05-31","2025년","5월","30일","금","N","","Y","2025-04-28","9999-12-31","2025-04-28 22:00:22.000000000","N","N","N","N","N","N","","","","","",""
"2025-05-31","2025-05-26~2025-06-01","2025-05","2025-05-26","2025-06-01","2025-05-01","2025-05-31","2025년","5월","31일","토","Y","","Y","2025-04-28","9999-12-31","2025-04-28 22:00:22.000000000","Y","N","N","N","Y","Y","","","","단오","바다의 날","바다의 날,단오"
"2025-06-01","2025-05-26~2025-06-01","2025-06","2025-05-26","2025-06-01","2025-06-01","2025-06-30","2025년","6월","1일","일","Y","","Y","2025-04-28","9999-12-31","2025-04-28 22:00:22.000000000","Y","N","N","N","N","Y","","","","","의병의 날","의병의 날"
"2025-06-02","2025-06-02~2025-06-08","2025-06","2025-06-02","2025-06-08","2025-06-01","2025-06-30","2025년","6월","2일","월","N","","Y","2025-04-28","9999-12-31","2025-04-28 22:00:22.000000000","N","N","N","N","N","N","","","","","",""
"2025-06-03","2025-06-02~2025-06-08","2025-06","2025-06-02","2025-06-08","2025-06-01","2025-06-30","2025년","6월","3일","화","Y","임시공휴일(제21대 대통령 선거)","Y","2025-04-28","9999-12-31","2025-04-28 22:00:22.000000000","N","Y","Y","N","N","N","임시공휴일(제21대 대통령 선거)","임시공휴일(제21대 대통령 선거)","","","","임시공휴일(제21대 대통령 선거)"
"2025-06-04","2025-06-02~2025-06-08","2025-06","2025-06-02","2025-06-08","2025-06-01","2025-06-30","2025년","6월","4일","수","N","","Y","2025-04-28","9999-12-31","2025-04-28 22:00:22.000000000","N","N","N","N","N","N","","","","","",""
"2025-06-05","2025-06-02~2025-06-08","2025-06","2025-06-02","2025-06-08","2025-06-01","2025-06-30","2025년","6월","5일","목","N","","Y","2025-04-28","9999-12-31","2025-04-28 22:00:22.000000000","N","N","N","Y","N","Y","","","망종","","환경의 날","망종,환경의 날"
"2025-06-06","2025-06-02~2025-06-08","2025-06","2025-06-02","2025-06-08","2025-06-01","2025-06-30","2025년","6월","6일","금","Y","현충일","Y","2025-04-28","9999-12-31","2025-04-28 22:00:22.000000000","N","Y","Y","N","N","Y","현충일","현충일","","","현충일","현충일"
"2025-06-07","2025-06-02~2025-06-08","2025-06","2025-06-02","2025-06-08","2025-06-01","2025-06-30","2025년","6월","7일","토","Y","","Y","2025-04-28","9999-12-31","2025-04-28 22:00:22.000000000","Y","N","N","N","N","N","","","","","",""
"2025-06-08","2025-06-02~2025-06-08","2025-06","2025-06-02","2025-06-08","2025-06-01","2025-06-30","2025년","6월","8일","일","Y","","Y","2025-04-28","9999-12-31","2025-04-28 22:00:22.000000000","Y","N","N","N","N","N","","","","","",""
"2025-06-09","2025-06-09~2025-06-15","2025-06","2025-06-09","2025-06-15","2025-06-01","2025-06-30","2025년","6월","9일","월","N","","Y","2025-04-28","9999-12-31","2025-04-28 22:00:22.000000000","N","N","N","N","N","Y","","","","","구강보건의 날","구강보건의 날"
"2025-06-10","2025-06-09~2025-06-15","2025-06","2025-06-09","2025-06-15","2025-06-01","2025-06-30","2025년","6월","10일","화","N","","Y","2025-04-28","9999-12-31","2025-04-28 22:00:22.000000000","N","N","N","N","N","Y","","","","","6·10민주항쟁 기념일,6·10만세운동 기념일","6·10만세운동 기념일,6·10민주항쟁 기념일"
"2025-06-11","2025-06-09~2025-06-15","2025-06","2025-06-09","2025-06-15","2025-06-01","2025-06-30","2025년","6월","11일","수","N","","Y","2025-04-28","9999-12-31","2025-04-28 22:00:22.000000000","N","N","N","N","N","N","","","","","",""
"2025-06-12","2025-06-09~2025-06-15","2025-06","2025-06-09","2025-06-15","2025-06-01","2025-06-30","2025년","6월","12일","목","N","","Y","2025-04-28","9999-12-31","2025-04-28 22:00:22.000000000","N","N","N","N","N","N","","","","","",""
"2025-06-13","2025-06-09~2025-06-15","2025-06","2025-06-09","2025-06-15","2025-06-01","2025-06-30","2025년","6월","13일","금","N","","Y","2025-04-28","9999-12-31","2025-04-28 22:00:22.000000000","N","N","N","N","N","N","","","","","",""
"2025-06-14","2025-06-09~2025-06-15","2025-06","2025-06-09","2025-06-15","2025-06-01","2025-06-30","2025년","6월","14일","토","Y","","Y","2025-04-28","9999-12-31","2025-04-28 22:00:22.000000000","Y","N","N","N","N","N","","","","","",""
"2025-06-15","2025-06-09~2025-06-15","2025-06","2025-06-09","2025-06-15","2025-06-01","2025-06-30","2025년","6월","15일","일","Y","","Y","2025-04-28","9999-12-31","2025-04-28 22:00:22.000000000","Y","N","N","N","N","N","","","","","",""
"2025-06-16","2025-06-16~2025-06-22","2025-06","2025-06-16","2025-06-22","2025-06-01","2025-06-30","2025년","6월","16일","월","N","","Y","2025-04-28","9999-12-31","2025-04-28 22:00:22.000000000","N","N","N","N","N","N","","","","","",""
"2025-06-17","2025-06-16~2025-06-22","2025-06","2025-06-16","2025-06-22","2025-06-01","2025-06-30","2025년","6월","17일","화","N","","Y","2025-04-28","9999-12-31","2025-04-28 22:00:22.000000000","N","N","N","N","N","N","","","","","",""
"2025-06-18","2025-06-16~2025-06-22","2025-06","2025-06-16","2025-06-22","2025-06-01","2025-06-30","2025년","6월","18일","수","N","","Y","2025-04-28","9999-12-31","2025-04-28 22:00:22.000000000","N","N","N","N","N","N","","","","","",""
"2025-06-19","2025-06-16~2025-06-22","2025-06","2025-06-16","2025-06-22","2025-06-01","2025-06-30","2025년","6월","19일","목","N","","Y","2025-04-28","9999-12-31","2025-04-28 22:00:22.000000000","N","N","N","N","N","N","","","","","",""
"2025-06-20","2025-06-16~2025-06-22","2025-06","2025-06-16","2025-06-22","2025-06-01","2025-06-30","2025년","6월","20일","금","N","","Y","2025-04-28","9999-12-31","2025-04-28 22:00:22.000000000","N","N","N","N","N","N","","","","","",""
"2025-06-21","2025-06-16~2025-06-22","2025-06","2025-06-16","2025-06-22","2025-06-01","2025-06-30","2025년","6월","21일","토","Y","","Y","2025-04-28","9999-12-31","2025-04-28 22:00:22.000000000","Y","N","N","Y","N","N","","","하지","","","하지"
"2025-06-22","2025-06-16~2025-06-22","2025-06","2025-06-16","2025-06-22","2025-06-01","2025-06-30","2025년","6월","22일","일","Y","","Y","2025-04-28","9999-12-31","2025-04-28 22:00:22.000000000","Y","N","N","N","N","N","","","","","",""
"2025-06-23","2025-06-23~2025-06-29","2025-06","2025-06-23","2025-06-29","2025-06-01","2025-06-30","2025년","6월","23일","월","N","","Y","2025-04-28","9999-12-31","2025-04-28 22:00:22.000000000","N","N","N","N","N","N","","","","","",""
"2025-06-24","2025-06-23~2025-06-29","2025-06","2025-06-23","2025-06-29","2025-06-01","2025-06-30","2025년","6월","24일","화","N","","Y","2025-04-28","9999-12-31","2025-04-28 22:00:22.000000000","N","N","N","N","N","Y","","","","","전자정부의 날","전자정부의 날"
"2025-06-25","2025-06-23~2025-06-29","2025-06","2025-06-23","2025-06-29","2025-06-01","2025-06-30","2025년","6월","25일","수","N","","Y","2025-04-28","9999-12-31","2025-04-28 22:00:22.000000000","N","N","N","N","N","Y","","","","","6·25전쟁일","6·25전쟁일"
"2025-06-26","2025-06-23~2025-06-29","2025-06","2025-06-23","2025-06-29","2025-06-01","2025-06-30","2025년","6월","26일","목","N","","Y","2025-04-28","9999-12-31","2025-04-28 22:00:22.000000000","N","N","N","N","N","Y","","","","","마약퇴치의 날","마약퇴치의 날"
"2025-06-27","2025-06-23~2025-06-29","2025-06","2025-06-23","2025-06-29","2025-06-01","2025-06-30","2025년","6월","27일","금","N","","Y","2025-04-28","9999-12-31","2025-04-28 22:00:22.000000000","N","N","N","N","N","N","","","","","",""
"2025-06-28","2025-06-23~2025-06-29","2025-06","2025-06-23","2025-06-29","2025-06-01","2025-06-30","2025년","6월","28일","토","Y","","Y","2025-04-28","9999-12-31","2025-04-28 22:00:22.000000000","Y","N","N","N","N","Y","","","","","철도의 날","철도의 날"
"2025-06-29","2025-06-23~2025-06-29","2025-06","2025-06-23","2025-06-29","2025-06-01","2025-06-30","2025년","6월","29일","일","Y","","Y","2025-04-28","9999-12-31","2025-04-28 22:00:22.000000000","Y","N","N","N","N","N","","","","","",""
"2025-06-30","2025-06-30~2025-07-06","2025-06","2025-06-30","2025-07-06","2025-06-01","2025-06-30","2025년","6월","30일","월","N","","Y","2025-04-28","9999-12-31","2025-04-28 22:00:22.000000000","N","N","N","N","N","N","","","","","",""
"2025-07-01","2025-06-30~2025-07-06","2025-07","2025-06-30","2025-07-06","2025-07-01","2025-07-31","2025년","7월","1일","화","N","","Y","2025-04-28","9999-12-31","2025-04-28 22:00:22.000000000","N","N","N","N","N","N","","","","","",""
"2025-07-02","2025-06-30~2025-07-06","2025-07","2025-06-30","2025-07-06","2025-07-01","2025-07-31","2025년","7월","2일","수","N","","Y","2025-04-28","9999-12-31","2025-04-28 22:00:22.000000000","N","N","N","N","N","N","","","","","",""
"2025-07-03","2025-06-30~2025-07-06","2025-07","2025-06-30","2025-07-06","2025-07-01","2025-07-31","2025년","7월","3일","목","N","","Y","2025-04-28","9999-12-31","2025-04-28 22:00:22.000000000","N","N","N","N","N","N","","","","","",""
"2025-07-04","2025-06-30~2025-07-06","2025-07","2025-06-30","2025-07-06","2025-07-01","2025-07-31","2025년","7월","4일","금","N","","Y","2025-04-28","9999-12-31","2025-04-28 22:00:22.000000000","N","N","N","N","N","N","","","","","",""
"2025-07-05","2025-06-30~2025-07-06","2025-07","2025-06-30","2025-07-06","2025-07-01","2025-07-31","2025년","7월","5일","토","Y","","Y","2025-04-28","9999-12-31","2025-04-28 22:00:22.000000000","Y","N","N","N","N","N","","","","","",""
"2025-07-06","2025-06-30~2025-07-06","2025-07","2025-06-30","2025-07-06","2025-07-01","2025-07-31","2025년","7월","6일","일","Y","","Y","2025-04-28","9999-12-31","2025-04-28 22:00:22.000000000","Y","N","N","N","N","N","","","","","",""
"2025-07-07","2025-07-07~2025-07-13","2025-07","2025-07-07","2025-07-13","2025-07-01","2025-07-31","2025년","7월","7일","월","N","","Y","2025-04-28","9999-12-31","2025-04-28 22:00:22.000000000","N","N","N","Y","N","N","","","소서","","","소서"
"2025-07-08","2025-07-07~2025-07-13","2025-07","2025-07-07","2025-07-13","2025-07-01","2025-07-31","2025년","7월","8일","화","N","","Y","2025-04-28","9999-12-31","2025-04-28 22:00:22.000000000","N","N","N","N","N","N","","","","","",""
"2025-07-09","2025-07-07~2025-07-13","2025-07","2025-07-07","2025-07-13","2025-07-01","2025-07-31","2025년","7월","9일","수","N","","Y","2025-04-28","9999-12-31","2025-04-28 22:00:22.000000000","N","N","N","N","N","Y","","","","","정보보호의 날","정보보호의 날"
"2025-07-10","2025-07-07~2025-07-13","2025-07","2025-07-07","2025-07-13","2025-07-01","2025-07-31","2025년","7월","10일","목","N","","Y","2025-04-28","9999-12-31","2025-04-28 22:00:22.000000000","N","N","N","N","N","N","","","","","",""
"2025-07-11","2025-07-07~2025-07-13","2025-07","2025-07-07","2025-07-13","2025-07-01","2025-07-31","2025년","7월","11일","금","N","","Y","2025-04-28","9999-12-31","2025-04-28 22:00:22.000000000","N","N","N","N","N","Y","","","","","인구의 날","인구의 날"
"2025-07-12","2025-07-07~2025-07-13","2025-07","2025-07-07","2025-07-13","2025-07-01","2025-07-31","2025년","7월","12일","토","Y","","Y","2025-04-28","9999-12-31","2025-04-28 22:00:22.000000000","Y","N","N","N","N","N","","","","","",""
"2025-07-13","2025-07-07~2025-07-13","2025-07","2025-07-07","2025-07-13","2025-07-01","2025-07-31","2025년","7월","13일","일","Y","","Y","2025-04-28","9999-12-31","2025-04-28 22:00:22.000000000","Y","N","N","N","N","N","","","","","",""
"2025-07-14","2025-07-14~2025-07-20","2025-07","2025-07-14","2025-07-20","2025-07-01","2025-07-31","2025년","7월","14일","월","N","","Y","2025-04-28","9999-12-31","2025-04-28 22:00:22.000000000","N","N","N","N","N","Y","","","","","북한이탈주민의 날","북한이탈주민의 날"
"2025-07-15","2025-07-14~2025-07-20","2025-07","2025-07-14","2025-07-20","2025-07-01","2025-07-31","2025년","7월","15일","화","N","","Y","2025-04-28","9999-12-31","2025-04-28 22:00:22.000000000","N","N","N","N","N","N","","","","","",""
"2025-07-16","2025-07-14~2025-07-20","2025-07","2025-07-14","2025-07-20","2025-07-01","2025-07-31","2025년","7월","16일","수","N","","Y","2025-04-28","9999-12-31","2025-04-28 22:00:22.000000000","N","N","N","N","N","N","","","","","",""
"2025-07-17","2025-07-14~2025-07-20","2025-07","2025-07-14","2025-07-20","2025-07-01","2025-07-31","2025년","7월","17일","목","N","","Y","2025-04-28","9999-12-31","2025-04-28 22:00:22.000000000","N","N","Y","N","N","N","","제헌절","","","","제헌절"
"2025-07-18","2025-07-14~2025-07-20","2025-07","2025-07-14","2025-07-20","2025-07-01","2025-07-31","2025년","7월","18일","금","N","","Y","2025-04-28","9999-12-31","2025-04-28 22:00:22.000000000","N","N","N","N","N","N","","","","","",""
"2025-07-19","2025-07-14~2025-07-20","2025-07","2025-07-14","2025-07-20","2025-07-01","2025-07-31","2025년","7월","19일","토","Y","","Y","2025-04-28","9999-12-31","2025-04-28 22:00:22.000000000","Y","N","N","N","N","N","","","","","",""
"2025-07-20","2025-07-14~2025-07-20","2025-07","2025-07-14","2025-07-20","2025-07-01","2025-07-31","2025년","7월","20일","일","Y","","Y","2025-04-28","9999-12-31","2025-04-28 22:00:22.000000000","Y","N","N","N","Y","N","","","","초복","","초복"
"2025-07-21","2025-07-21~2025-07-27","2025-07","2025-07-21","2025-07-27","2025-07-01","2025-07-31","2025년","7월","21일","월","N","","Y","2025-04-28","9999-12-31","2025-04-28 22:00:22.000000000","N","N","N","N","N","N","","","","","",""
"2025-07-22","2025-07-21~2025-07-27","2025-07","2025-07-21","2025-07-27","2025-07-01","2025-07-31","2025년","7월","22일","화","N","","Y","2025-04-28","9999-12-31","2025-04-28 22:00:22.000000000","N","N","N","Y","N","N","","","대서","","","대서"
"2025-07-23","2025-07-21~2025-07-27","2025-07","2025-07-21","2025-07-27","2025-07-01","2025-07-31","2025년","7월","23일","수","N","","Y","2025-04-28","9999-12-31","2025-04-28 22:00:22.000000000","N","N","N","N","N","N","","","","","",""
"2025-07-24","2025-07-21~2025-07-27","2025-07","2025-07-21","2025-07-27","2025-07-01","2025-07-31","2025년","7월","24일","목","N","","Y","2025-04-28","9999-12-31","2025-04-28 22:00:22.000000000","N","N","N","N","N","N","","","","","",""
"2025-07-25","2025-07-21~2025-07-27","2025-07","2025-07-21","2025-07-27","2025-07-01","2025-07-31","2025년","7월","25일","금","N","","Y","2025-04-28","9999-12-31","2025-04-28 22:00:22.000000000","N","N","N","N","N","N","","","","","",""
"2025-07-26","2025-07-21~2025-07-27","2025-07","2025-07-21","2025-07-27","2025-07-01","2025-07-31","2025년","7월","26일","토","Y","","Y","2025-04-28","9999-12-31","2025-04-28 22:00:22.000000000","Y","N","N","N","N","N","","","","","",""
"2025-07-27","2025-07-21~2025-07-27","2025-07","2025-07-21","2025-07-27","2025-07-01","2025-07-31","2025년","7월","27일","일","Y","","Y","2025-04-28","9999-12-31","2025-04-28 22:00:22.000000000","Y","N","N","N","N","Y","","","","","유엔군 참전의 날","유엔군 참전의 날"
"2025-07-28","2025-07-28~2025-08-03","2025-07","2025-07-28","2025-08-03","2025-07-01","2025-07-31","2025년","7월","28일","월","N","","Y","2025-04-28","9999-12-31","2025-04-28 22:00:22.000000000","N","N","N","N","N","N","","","","","",""
"2025-07-29","2025-07-28~2025-08-03","2025-07","2025-07-28","2025-08-03","2025-07-01","2025-07-31","2025년","7월","29일","화","N","","Y","2025-04-28","9999-12-31","2025-04-28 22:00:22.000000000","N","N","N","N","N","N","","","","","",""
"2025-07-30","2025-07-28~2025-08-03","2025-07","2025-07-28","2025-08-03","2025-07-01","2025-07-31","2025년","7월","30일","수","N","","Y","2025-04-28","9999-12-31","2025-04-28 22:00:22.000000000","N","N","N","N","Y","N","","","","중복","","중복"
"2025-07-31","2025-07-28~2025-08-03","2025-07","2025-07-28","2025-08-03","2025-07-01","2025-07-31","2025년","7월","31일","목","N","","Y","2025-04-28","9999-12-31","2025-04-28 22:00:22.000000000","N","N","N","N","N","N","","","","","",""
"2025-08-01","2025-07-28~2025-08-03","2025-08","2025-07-28","2025-08-03","2025-08-01","2025-08-31","2025년","8월","1일","금","N","","Y","2025-04-28","9999-12-31","2025-04-28 22:00:22.000000000","N","N","N","N","N","N","","","","","",""
"2025-08-02","2025-07-28~2025-08-03","2025-08","2025-07-28","2025-08-03","2025-08-01","2025-08-31","2025년","8월","2일","토","Y","","Y","2025-04-28","9999-12-31","2025-04-28 22:00:22.000000000","Y","N","N","N","N","N","","","","","",""
"2025-08-03","2025-07-28~2025-08-03","2025-08","2025-07-28","2025-08-03","2025-08-01","2025-08-31","2025년","8월","3일","일","Y","","Y","2025-04-28","9999-12-31","2025-04-28 22:00:22.000000000","Y","N","N","N","N","N","","","","","",""
"2025-08-04","2025-08-04~2025-08-10","2025-08","2025-08-04","2025-08-10","2025-08-01","2025-08-31","2025년","8월","4일","월","N","","Y","2025-04-28","9999-12-31","2025-04-28 22:00:22.000000000","N","N","N","N","N","N","","","","","",""
"2025-08-05","2025-08-04~2025-08-10","2025-08","2025-08-04","2025-08-10","2025-08-01","2025-08-31","2025년","8월","5일","화","N","","Y","2025-04-28","9999-12-31","2025-04-28 22:00:22.000000000","N","N","N","N","N","N","","","","","",""
"2025-08-06","2025-08-04~2025-08-10","2025-08","2025-08-04","2025-08-10","2025-08-01","2025-08-31","2025년","8월","6일","수","N","","Y","2025-04-28","9999-12-31","2025-04-28 22:00:22.000000000","N","N","N","N","N","N","","","","","",""
"2025-08-07","2025-08-04~2025-08-10","2025-08","2025-08-04","2025-08-10","2025-08-01","2025-08-31","2025년","8월","7일","목","N","","Y","2025-04-28","9999-12-31","2025-04-28 22:00:22.000000000","N","N","N","Y","N","N","","","입추","","","입추"
"2025-08-08","2025-08-04~2025-08-10","2025-08","2025-08-04","2025-08-10","2025-08-01","2025-08-31","2025년","8월","8일","금","N","","Y","2025-04-28","9999-12-31","2025-04-28 22:00:22.000000000","N","N","N","N","N","Y","","","","","섬의 날","섬의 날"
"2025-08-09","2025-08-04~2025-08-10","2025-08","2025-08-04","2025-08-10","2025-08-01","2025-08-31","2025년","8월","9일","토","Y","","Y","2025-04-28","9999-12-31","2025-04-28 22:00:22.000000000","Y","N","N","N","Y","N","","","","말복","","말복"
"2025-08-10","2025-08-04~2025-08-10","2025-08","2025-08-04","2025-08-10","2025-08-01","2025-08-31","2025년","8월","10일","일","Y","","Y","2025-04-28","9999-12-31","2025-04-28 22:00:22.000000000","Y","N","N","N","N","N","","","","","",""
"2025-08-11","2025-08-11~2025-08-17","2025-08","2025-08-11","2025-08-17","2025-08-01","2025-08-31","2025년","8월","11일","월","N","","Y","2025-04-28","9999-12-31","2025-04-28 22:00:22.000000000","N","N","N","N","N","N","","","","","",""
"2025-08-12","2025-08-11~2025-08-17","2025-08","2025-08-11","2025-08-17","2025-08-01","2025-08-31","2025년","8월","12일","화","N","","Y","2025-04-28","9999-12-31","2025-04-28 22:00:22.000000000","N","N","N","N","N","N","","","","","",""
"2025-08-13","2025-08-11~2025-08-17","2025-08","2025-08-11","2025-08-17","2025-08-01","2025-08-31","2025년","8월","13일","수","N","","Y","2025-04-28","9999-12-31","2025-04-28 22:00:22.000000000","N","N","N","N","N","N","","","","","",""
"2025-08-14","2025-08-11~2025-08-17","2025-08","2025-08-11","2025-08-17","2025-08-01","2025-08-31","2025년","8월","14일","목","N","","Y","2025-04-28","9999-12-31","2025-04-28 22:00:22.000000000","N","N","N","N","N","N","","","","","",""
"2025-08-15","2025-08-11~2025-08-17","2025-08","2025-08-11","2025-08-17","2025-08-01","2025-08-31","2025년","8월","15일","금","Y","광복절","Y","2025-04-28","9999-12-31","2025-04-28 22:00:22.000000000","N","Y","Y","N","N","N","광복절","광복절","","","","광복절"
"2025-08-16","2025-08-11~2025-08-17","2025-08","2025-08-11","2025-08-17","2025-08-01","2025-08-31","2025년","8월","16일","토","Y","","Y","2025-04-28","9999-12-31","2025-04-28 22:00:22.000000000","Y","N","N","N","N","N","","","","","",""
"2025-08-17","2025-08-11~2025-08-17","2025-08","2025-08-11","2025-08-17","2025-08-01","2025-08-31","2025년","8월","17일","일","Y","","Y","2025-04-28","9999-12-31","2025-04-28 22:00:22.000000000","Y","N","N","N","N","N","","","","","",""
"2025-08-18","2025-08-18~2025-08-24","2025-08","2025-08-18","2025-08-24","2025-08-01","2025-08-31","2025년","8월","18일","월","N","","Y","2025-04-28","9999-12-31","2025-04-28 22:00:22.000000000","N","N","N","N","N","N","","","","","",""
"2025-08-19","2025-08-18~2025-08-24","2025-08","2025-08-18","2025-08-24","2025-08-01","2025-08-31","2025년","8월","19일","화","N","","Y","2025-04-28","9999-12-31","2025-04-28 22:00:22.000000000","N","N","N","N","N","N","","","","","",""
"2025-08-20","2025-08-18~2025-08-24","2025-08","2025-08-18","2025-08-24","2025-08-01","2025-08-31","2025년","8월","20일","수","N","","Y","2025-04-28","9999-12-31","2025-04-28 22:00:22.000000000","N","N","N","N","N","N","","","","","",""
"2025-08-21","2025-08-18~2025-08-24","2025-08","2025-08-18","2025-08-24","2025-08-01","2025-08-31","2025년","8월","21일","목","N","","Y","2025-04-28","9999-12-31","2025-04-28 22:00:22.000000000","N","N","N","N","N","N","","","","","",""
"2025-08-22","2025-08-18~2025-08-24","2025-08","2025-08-18","2025-08-24","2025-08-01","2025-08-31","2025년","8월","22일","금","N","","Y","2025-04-28","9999-12-31","2025-04-28 22:00:22.000000000","N","N","N","N","N","N","","","","","",""
"2025-08-23","2025-08-18~2025-08-24","2025-08","2025-08-18","2025-08-24","2025-08-01","2025-08-31","2025년","8월","23일","토","Y","","Y","2025-04-28","9999-12-31","2025-04-28 22:00:22.000000000","Y","N","N","Y","N","N","","","처서","","","처서"
"2025-08-24","2025-08-18~2025-08-24","2025-08","2025-08-18","2025-08-24","2025-08-01","2025-08-31","2025년","8월","24일","일","Y","","Y","2025-04-28","9999-12-31","2025-04-28 22:00:22.000000000","Y","N","N","N","N","N","","","","","",""
"2025-08-25","2025-08-25~2025-08-31","2025-08","2025-08-25","2025-08-31","2025-08-01","2025-08-31","2025년","8월","25일","월","N","","Y","2025-04-28","9999-12-31","2025-04-28 22:00:22.000000000","N","N","N","N","N","N","","","","","",""
"2025-08-26","2025-08-25~2025-08-31","2025-08","2025-08-25","2025-08-31","2025-08-01","2025-08-31","2025년","8월","26일","화","N","","Y","2025-04-28","9999-12-31","2025-04-28 22:00:22.000000000","N","N","N","N","N","N","","","","","",""
"2025-08-27","2025-08-25~2025-08-31","2025-08","2025-08-25","2025-08-31","2025-08-01","2025-08-31","2025년","8월","27일","수","N","","Y","2025-04-28","9999-12-31","2025-04-28 22:00:22.000000000","N","N","N","N","N","N","","","","","",""
"2025-08-28","2025-08-25~2025-08-31","2025-08","2025-08-25","2025-08-31","2025-08-01","2025-08-31","2025년","8월","28일","목","N","","Y","2025-04-28","9999-12-31","2025-04-28 22:00:22.000000000","N","N","N","N","N","N","","","","","",""
"2025-08-29","2025-08-25~2025-08-31","2025-08","2025-08-25","2025-08-31","2025-08-01","2025-08-31","2025년","8월","29일","금","N","","Y","2025-04-28","9999-12-31","2025-04-28 22:00:22.000000000","N","N","N","N","Y","N","","","","칠석","","칠석"
"2025-08-30","2025-08-25~2025-08-31","2025-08","2025-08-25","2025-08-31","2025-08-01","2025-08-31","2025년","8월","30일","토","Y","","Y","2025-04-28","9999-12-31","2025-04-28 22:00:22.000000000","Y","N","N","N","N","N","","","","","",""
"2025-08-31","2025-08-25~2025-08-31","2025-08","2025-08-25","2025-08-31","2025-08-01","2025-08-31","2025년","8월","31일","일","Y","","Y","2025-04-28","9999-12-31","2025-04-28 22:00:22.000000000","Y","N","N","N","N","N","","","","","",""
"2025-09-01","2025-09-01~2025-09-07","2025-09","2025-09-01","2025-09-07","2025-09-01","2025-09-30","2025년","9월","1일","월","N","","Y","2025-04-28","9999-12-31","2025-04-28 22:00:22.000000000","N","N","N","N","N","N","","","","","",""
"2025-09-02","2025-09-01~2025-09-07","2025-09","2025-09-01","2025-09-07","2025-09-01","2025-09-30","2025년","9월","2일","화","N","","Y","2025-04-28","9999-12-31","2025-04-28 22:00:22.000000000","N","N","N","N","N","N","","","","","",""
"2025-09-03","2025-09-01~2025-09-07","2025-09","2025-09-01","2025-09-07","2025-09-01","2025-09-30","2025년","9월","3일","수","N","","Y","2025-04-28","9999-12-31","2025-04-28 22:00:22.000000000","N","N","N","N","N","N","","","","","",""
"2025-09-04","2025-09-01~2025-09-07","2025-09","2025-09-01","2025-09-07","2025-09-01","2025-09-30","2025년","9월","4일","목","N","","Y","2025-04-28","9999-12-31","2025-04-28 22:00:22.000000000","N","N","N","N","N","N","","","","","",""
"2025-09-05","2025-09-01~2025-09-07","2025-09","2025-09-01","2025-09-07","2025-09-01","2025-09-30","2025년","9월","5일","금","N","","Y","2025-04-28","9999-12-31","2025-04-28 22:00:22.000000000","N","N","N","N","N","N","","","","","",""
"2025-09-06","2025-09-01~2025-09-07","2025-09","2025-09-01","2025-09-07","2025-09-01","2025-09-30","2025년","9월","6일","토","Y","","Y","2025-04-28","9999-12-31","2025-04-28 22:00:22.000000000","Y","N","N","N","N","N","","","","","",""
"2025-09-07","2025-09-01~2025-09-07","2025-09","2025-09-01","2025-09-07","2025-09-01","2025-09-30","2025년","9월","7일","일","Y","","Y","2025-04-28","9999-12-31","2025-04-28 22:00:22.000000000","Y","N","N","Y","N","Y","","","백로","","곤충의 날,사회복지의 날,푸른 하늘의 날","푸른 하늘의 날,사회복지의 날,곤충의 날,백로"
"2025-09-08","2025-09-08~2025-09-14","2025-09","2025-09-08","2025-09-14","2025-09-01","2025-09-30","2025년","9월","8일","월","N","","Y","2025-04-28","9999-12-31","2025-04-28 22:00:22.000000000","N","N","N","N","N","N","","","","","",""
"2025-09-09","2025-09-08~2025-09-14","2025-09","2025-09-08","2025-09-14","2025-09-01","2025-09-30","2025년","9월","9일","화","N","","Y","2025-04-28","9999-12-31","2025-04-28 22:00:22.000000000","N","N","N","N","N","N","","","","","",""
"2025-09-10","2025-09-08~2025-09-14","2025-09","2025-09-08","2025-09-14","2025-09-01","2025-09-30","2025년","9월","10일","수","N","","Y","2025-04-28","9999-12-31","2025-04-28 22:00:22.000000000","N","N","N","N","N","Y","","","","","해양경찰의 날","해양경찰의 날"
"2025-09-11","2025-09-08~2025-09-14","2025-09","2025-09-08","2025-09-14","2025-09-01","2025-09-30","2025년","9월","11일","목","N","","Y","2025-04-28","9999-12-31","2025-04-28 22:00:22.000000000","N","N","N","N","N","N","","","","","",""
"2025-09-12","2025-09-08~2025-09-14","2025-09","2025-09-08","2025-09-14","2025-09-01","2025-09-30","2025년","9월","12일","금","N","","Y","2025-04-28","9999-12-31","2025-04-28 22:00:22.000000000","N","N","N","N","N","N","","","","","",""
"2025-09-13","2025-09-08~2025-09-14","2025-09","2025-09-08","2025-09-14","2025-09-01","2025-09-30","2025년","9월","13일","토","Y","","Y","2025-04-28","9999-12-31","2025-04-28 22:00:22.000000000","Y","N","N","N","N","N","","","","","",""
"2025-09-14","2025-09-08~2025-09-14","2025-09","2025-09-08","2025-09-14","2025-09-01","2025-09-30","2025년","9월","14일","일","Y","","Y","2025-04-28","9999-12-31","2025-04-28 22:00:22.000000000","Y","N","N","N","N","N","","","","","",""
"2025-09-15","2025-09-15~2025-09-21","2025-09","2025-09-15","2025-09-21","2025-09-01","2025-09-30","2025년","9월","15일","월","N","","Y","2025-04-28","9999-12-31","2025-04-28 22:00:22.000000000","N","N","N","N","N","N","","","","","",""
"2025-09-16","2025-09-15~2025-09-21","2025-09","2025-09-15","2025-09-21","2025-09-01","2025-09-30","2025년","9월","16일","화","N","","Y","2025-04-28","9999-12-31","2025-04-28 22:00:22.000000000","N","N","N","N","N","N","","","","","",""
"2025-09-17","2025-09-15~2025-09-21","2025-09","2025-09-15","2025-09-21","2025-09-01","2025-09-30","2025년","9월","17일","수","N","","Y","2025-04-28","9999-12-31","2025-04-28 22:00:22.000000000","N","N","N","N","N","N","","","","","",""
"2025-09-18","2025-09-15~2025-09-21","2025-09","2025-09-15","2025-09-21","2025-09-01","2025-09-30","2025년","9월","18일","목","N","","Y","2025-04-28","9999-12-31","2025-04-28 22:00:22.000000000","N","N","N","N","N","N","","","","","",""
"2025-09-19","2025-09-15~2025-09-21","2025-09","2025-09-15","2025-09-21","2025-09-01","2025-09-30","2025년","9월","19일","금","N","","Y","2025-04-28","9999-12-31","2025-04-28 22:00:22.000000000","N","N","N","N","N","N","","","","","",""
"2025-09-20","2025-09-15~2025-09-21","2025-09","2025-09-15","2025-09-21","2025-09-01","2025-09-30","2025년","9월","20일","토","Y","","Y","2025-04-28","9999-12-31","2025-04-28 22:00:22.000000000","Y","N","N","N","N","Y","","","","","청년의 날","청년의 날"
"2025-09-21","2025-09-15~2025-09-21","2025-09","2025-09-15","2025-09-21","2025-09-01","2025-09-30","2025년","9월","21일","일","Y","","Y","2025-04-28","9999-12-31","2025-04-28 22:00:22.000000000","Y","N","N","N","N","N","","","","","",""
"2025-09-22","2025-09-22~2025-09-28","2025-09","2025-09-22","2025-09-28","2025-09-01","2025-09-30","2025년","9월","22일","월","N","","Y","2025-04-28","9999-12-31","2025-04-28 22:00:22.000000000","N","N","N","N","N","N","","","","","",""
"2025-09-23","2025-09-22~2025-09-28","2025-09","2025-09-22","2025-09-28","2025-09-01","2025-09-30","2025년","9월","23일","화","N","","Y","2025-04-28","9999-12-31","2025-04-28 22:00:22.000000000","N","N","N","Y","N","N","","","추분","","","추분"
"2025-09-24","2025-09-22~2025-09-28","2025-09","2025-09-22","2025-09-28","2025-09-01","2025-09-30","2025년","9월","24일","수","N","","Y","2025-04-28","9999-12-31","2025-04-28 22:00:22.000000000","N","N","N","N","N","N","","","","","",""
"2025-09-25","2025-09-22~2025-09-28","2025-09","2025-09-22","2025-09-28","2025-09-01","2025-09-30","2025년","9월","25일","목","N","","Y","2025-04-28","9999-12-31","2025-04-28 22:00:22.000000000","N","N","N","N","N","N","","","","","",""
"2025-09-26","2025-09-22~2025-09-28","2025-09","2025-09-22","2025-09-28","2025-09-01","2025-09-30","2025년","9월","26일","금","N","","Y","2025-04-28","9999-12-31","2025-04-28 22:00:22.000000000","N","N","N","N","N","N","","","","","",""
"2025-09-27","2025-09-22~2025-09-28","2025-09","2025-09-22","2025-09-28","2025-09-01","2025-09-30","2025년","9월","27일","토","Y","","Y","2025-04-28","9999-12-31","2025-04-28 22:00:22.000000000","Y","N","N","N","N","N","","","","","",""
"2025-09-28","2025-09-22~2025-09-28","2025-09","2025-09-22","2025-09-28","2025-09-01","2025-09-30","2025년","9월","28일","일","Y","","Y","2025-04-28","9999-12-31","2025-04-28 22:00:22.000000000","Y","N","N","N","N","N","","","","","",""
"2025-09-29","2025-09-29~2025-10-05","2025-09","2025-09-29","2025-10-05","2025-09-01","2025-09-30","2025년","9월","29일","월","N","","Y","2025-04-28","9999-12-31","2025-04-28 22:00:22.000000000","N","N","N","N","N","N","","","","","",""
"2025-09-30","2025-09-29~2025-10-05","2025-09","2025-09-29","2025-10-05","2025-09-01","2025-09-30","2025년","9월","30일","화","N","","Y","2025-04-28","9999-12-31","2025-04-28 22:00:22.000000000","N","N","N","N","N","Y","","","","","개인정보 보호의 날,조달의 날","조달의 날,개인정보 보호의 날"
"2025-10-01","2025-09-29~2025-10-05","2025-10","2025-09-29","2025-10-05","2025-10-01","2025-10-31","2025년","10월","1일","수","N","","Y","2025-04-28","9999-12-31","2025-04-28 22:00:22.000000000","N","N","N","N","N","Y","","","","","국군의 날","국군의 날"
"2025-10-02","2025-09-29~2025-10-05","2025-10","2025-09-29","2025-10-05","2025-10-01","2025-10-31","2025년","10월","2일","목","N","","Y","2025-04-28","9999-12-31","2025-04-28 22:00:22.000000000","N","N","N","N","N","Y","","","","","노인의 날","노인의 날"
"2025-10-03","2025-09-29~2025-10-05","2025-10","2025-09-29","2025-10-05","2025-10-01","2025-10-31","2025년","10월","3일","금","Y","개천절","Y","2025-04-28","9999-12-31","2025-04-28 22:00:22.000000000","N","Y","Y","N","N","N","개천절","개천절","","","","개천절"
"2025-10-04","2025-09-29~2025-10-05","2025-10","2025-09-29","2025-10-05","2025-10-01","2025-10-31","2025년","10월","4일","토","Y","","Y","2025-04-28","9999-12-31","2025-04-28 22:00:22.000000000","Y","N","N","N","N","N","","","","","",""
"2025-10-05","2025-09-29~2025-10-05","2025-10","2025-09-29","2025-10-05","2025-10-01","2025-10-31","2025년","10월","5일","일","Y","추석","Y","2025-04-28","9999-12-31","2025-04-28 22:00:22.000000000","Y","Y","Y","N","N","Y","추석","추석","","","세계 한인의 날","세계 한인의 날,추석"
"2025-10-06","2025-10-06~2025-10-12","2025-10","2025-10-06","2025-10-12","2025-10-01","2025-10-31","2025년","10월","6일","월","Y","추석","Y","2025-04-28","9999-12-31","2025-04-28 22:00:22.000000000","N","Y","Y","N","N","N","추석","추석","","","","추석"
"2025-10-07","2025-10-06~2025-10-12","2025-10","2025-10-06","2025-10-12","2025-10-01","2025-10-31","2025년","10월","7일","화","Y","추석","Y","2025-04-28","9999-12-31","2025-04-28 22:00:22.000000000","N","Y","Y","N","N","N","추석","추석","","","","추석"
"2025-10-08","2025-10-06~2025-10-12","2025-10","2025-10-06","2025-10-12","2025-10-01","2025-10-31","2025년","10월","8일","수","Y","대체공휴일","Y","2025-04-28","9999-12-31","2025-04-28 22:00:22.000000000","N","Y","Y","Y","N","Y","대체공휴일","대체공휴일","한로","","재향군인의 날","재향군인의 날,대체공휴일,한로"
"2025-10-09","2025-10-06~2025-10-12","2025-10","2025-10-06","2025-10-12","2025-10-01","2025-10-31","2025년","10월","9일","목","Y","한글날","Y","2025-04-28","9999-12-31","2025-04-28 22:00:22.000000000","N","Y","Y","N","N","N","한글날","한글날","","","","한글날"
"2025-10-10","2025-10-06~2025-10-12","2025-10","2025-10-06","2025-10-12","2025-10-01","2025-10-31","2025년","10월","10일","금","N","","Y","2025-04-28","9999-12-31","2025-04-28 22:00:22.000000000","N","N","N","N","N","Y","","","","","정신건강의 날,임산부의 날","임산부의 날,정신건강의 날"
"2025-10-11","2025-10-06~2025-10-12","2025-10","2025-10-06","2025-10-12","2025-10-01","2025-10-31","2025년","10월","11일","토","Y","","Y","2025-04-28","9999-12-31","2025-04-28 22:00:22.000000000","Y","N","N","N","N","N","","","","","",""
"2025-10-12","2025-10-06~2025-10-12","2025-10","2025-10-06","2025-10-12","2025-10-01","2025-10-31","2025년","10월","12일","일","Y","","Y","2025-04-28","9999-12-31","2025-04-28 22:00:22.000000000","Y","N","N","N","N","N","","","","","",""
"2025-10-13","2025-10-13~2025-10-19","2025-10","2025-10-13","2025-10-19","2025-10-01","2025-10-31","2025년","10월","13일","월","N","","Y","2025-04-28","9999-12-31","2025-04-28 22:00:22.000000000","N","N","N","N","N","N","","","","","",""
"2025-10-14","2025-10-13~2025-10-19","2025-10","2025-10-13","2025-10-19","2025-10-01","2025-10-31","2025년","10월","14일","화","N","","Y","2025-04-28","9999-12-31","2025-04-28 22:00:22.000000000","N","N","N","N","N","N","","","","","",""
"2025-10-15","2025-10-13~2025-10-19","2025-10","2025-10-13","2025-10-19","2025-10-01","2025-10-31","2025년","10월","15일","수","N","","Y","2025-04-28","9999-12-31","2025-04-28 22:00:22.000000000","N","N","N","N","N","Y","","","","","스포츠의 날","스포츠의 날"
"2025-10-16","2025-10-13~2025-10-19","2025-10","2025-10-13","2025-10-19","2025-10-01","2025-10-31","2025년","10월","16일","목","N","","Y","2025-04-28","9999-12-31","2025-04-28 22:00:22.000000000","N","N","N","N","N","Y","","","","","부마민주항쟁 기념일","부마민주항쟁 기념일"
"2025-10-17","2025-10-13~2025-10-19","2025-10","2025-10-13","2025-10-19","2025-10-01","2025-10-31","2025년","10월","17일","금","N","","Y","2025-04-28","9999-12-31","2025-04-28 22:00:22.000000000","N","N","N","N","N","N","","","","","",""
"2025-10-18","2025-10-13~2025-10-19","2025-10","2025-10-13","2025-10-19","2025-10-01","2025-10-31","2025년","10월","18일","토","Y","","Y","2025-04-28","9999-12-31","2025-04-28 22:00:22.000000000","Y","N","N","N","N","Y","","","","","문화의 날","문화의 날"
"2025-10-19","2025-10-13~2025-10-19","2025-10","2025-10-13","2025-10-19","2025-10-01","2025-10-31","2025년","10월","19일","일","Y","","Y","2025-04-28","9999-12-31","2025-04-28 22:00:22.000000000","Y","N","N","N","N","N","","","","","",""
"2025-10-20","2025-10-20~2025-10-26","2025-10","2025-10-20","2025-10-26","2025-10-01","2025-10-31","2025년","10월","20일","월","N","","Y","2025-04-28","9999-12-31","2025-04-28 22:00:22.000000000","N","N","N","N","N","N","","","","","",""
"2025-10-21","2025-10-20~2025-10-26","2025-10","2025-10-20","2025-10-26","2025-10-01","2025-10-31","2025년","10월","21일","화","N","","Y","2025-04-28","9999-12-31","2025-04-28 22:00:22.000000000","N","N","N","N","N","Y","","","","","경찰의 날","경찰의 날"
"2025-10-22","2025-10-20~2025-10-26","2025-10","2025-10-20","2025-10-26","2025-10-01","2025-10-31","2025년","10월","22일","수","N","","Y","2025-04-28","9999-12-31","2025-04-28 22:00:22.000000000","N","N","N","N","N","N","","","","","",""
"2025-10-23","2025-10-20~2025-10-26","2025-10","2025-10-20","2025-10-26","2025-10-01","2025-10-31","2025년","10월","23일","목","N","","Y","2025-04-28","9999-12-31","2025-04-28 22:00:22.000000000","N","N","N","Y","N","N","","","상강","","","상강"
"2025-10-24","2025-10-20~2025-10-26","2025-10","2025-10-20","2025-10-26","2025-10-01","2025-10-31","2025년","10월","24일","금","N","","Y","2025-04-28","9999-12-31","2025-04-28 22:00:22.000000000","N","N","N","N","N","Y","","","","","국제연합일","국제연합일"
"2025-10-25","2025-10-20~2025-10-26","2025-10","2025-10-20","2025-10-26","2025-10-01","2025-10-31","2025년","10월","25일","토","Y","","Y","2025-04-28","9999-12-31","2025-04-28 22:00:22.000000000","Y","N","N","N","N","N","","","","","",""
"2025-10-26","2025-10-20~2025-10-26","2025-10","2025-10-20","2025-10-26","2025-10-01","2025-10-31","2025년","10월","26일","일","Y","","Y","2025-04-28","9999-12-31","2025-04-28 22:00:22.000000000","Y","N","N","N","N","N","","","","","",""
"2025-10-27","2025-10-27~2025-11-02","2025-10","2025-10-27","2025-11-02","2025-10-01","2025-10-31","2025년","10월","27일","월","N","","Y","2025-04-28","9999-12-31","2025-04-28 22:00:22.000000000","N","N","N","N","N","N","","","","","",""
"2025-10-28","2025-10-27~2025-11-02","2025-10","2025-10-27","2025-11-02","2025-10-01","2025-10-31","2025년","10월","28일","화","N","","Y","2025-04-28","9999-12-31","2025-04-28 22:00:22.000000000","N","N","N","N","N","Y","","","","","교정의 날,금융의 날","교정의 날,금융의 날"
"2025-10-29","2025-10-27~2025-11-02","2025-10","2025-10-27","2025-11-02","2025-10-01","2025-10-31","2025년","10월","29일","수","N","","Y","2025-04-28","9999-12-31","2025-04-28 22:00:22.000000000","N","N","N","N","N","Y","","","","","지방자치 및 균형발전의 날","지방자치 및 균형발전의 날"
"2025-10-30","2025-10-27~2025-11-02","2025-10","2025-10-27","2025-11-02","2025-10-01","2025-10-31","2025년","10월","30일","목","N","","Y","2025-04-28","9999-12-31","2025-04-28 22:00:22.000000000","N","N","N","N","N","N","","","","","",""
"2025-10-31","2025-10-27~2025-11-02","2025-10","2025-10-27","2025-11-02","2025-10-01","2025-10-31","2025년","10월","31일","금","N","","Y","2025-04-28","9999-12-31","2025-04-28 22:00:22.000000000","N","N","N","N","N","N","","","","","",""
"2025-11-01","2025-10-27~2025-11-02","2025-11","2025-10-27","2025-11-02","2025-11-01","2025-11-30","2025년","11월","1일","토","Y","","Y","2025-04-28","9999-12-31","2025-04-28 22:00:22.000000000","Y","N","N","N","N","N","","","","","",""
"2025-11-02","2025-10-27~2025-11-02","2025-11","2025-10-27","2025-11-02","2025-11-01","2025-11-30","2025년","11월","2일","일","Y","","Y","2025-04-28","9999-12-31","2025-04-28 22:00:22.000000000","Y","N","N","N","N","N","","","","","",""
"2025-11-03","2025-11-03~2025-11-09","2025-11","2025-11-03","2025-11-09","2025-11-01","2025-11-30","2025년","11월","3일","월","N","","Y","2025-04-28","9999-12-31","2025-04-28 22:00:22.000000000","N","N","N","N","N","Y","","","","","학생독립운동 기념일","학생독립운동 기념일"
"2025-11-04","2025-11-03~2025-11-09","2025-11","2025-11-03","2025-11-09","2025-11-01","2025-11-30","2025년","11월","4일","화","N","","Y","2025-04-28","9999-12-31","2025-04-28 22:00:22.000000000","N","N","N","N","N","N","","","","","",""
"2025-11-05","2025-11-03~2025-11-09","2025-11","2025-11-03","2025-11-09","2025-11-01","2025-11-30","2025년","11월","5일","수","N","","Y","2025-04-28","9999-12-31","2025-04-28 22:00:22.000000000","N","N","N","N","N","N","","","","","",""
"2025-11-06","2025-11-03~2025-11-09","2025-11","2025-11-03","2025-11-09","2025-11-01","2025-11-30","2025년","11월","6일","목","N","","Y","2025-04-28","9999-12-31","2025-04-28 22:00:22.000000000","N","N","N","N","N","N","","","","","",""
"2025-11-07","2025-11-03~2025-11-09","2025-11","2025-11-03","2025-11-09","2025-11-01","2025-11-30","2025년","11월","7일","금","N","","Y","2025-04-28","9999-12-31","2025-04-28 22:00:22.000000000","N","N","N","Y","N","N","","","입동","","","입동"
"2025-11-08","2025-11-03~2025-11-09","2025-11","2025-11-03","2025-11-09","2025-11-01","2025-11-30","2025년","11월","8일","토","Y","","Y","2025-04-28","9999-12-31","2025-04-28 22:00:22.000000000","Y","N","N","N","N","N","","","","","",""
"2025-11-09","2025-11-03~2025-11-09","2025-11","2025-11-03","2025-11-09","2025-11-01","2025-11-30","2025년","11월","9일","일","Y","","Y","2025-04-28","9999-12-31","2025-04-28 22:00:22.000000000","Y","N","N","N","N","Y","","","","","소방의 날","소방의 날"
"2025-11-10","2025-11-10~2025-11-16","2025-11","2025-11-10","2025-11-16","2025-11-01","2025-11-30","2025년","11월","10일","월","N","","Y","2025-04-28","9999-12-31","2025-04-28 22:00:22.000000000","N","N","N","N","N","N","","","","","",""
"2025-11-11","2025-11-10~2025-11-16","2025-11","2025-11-10","2025-11-16","2025-11-01","2025-11-30","2025년","11월","11일","화","N","","Y","2025-04-28","9999-12-31","2025-04-28 22:00:22.000000000","N","N","N","N","N","Y","","","","","농업인의 날,유엔참전용사 국제추모의 날","유엔참전용사 국제추모의 날,농업인의 날"
"2025-11-12","2025-11-10~2025-11-16","2025-11","2025-11-10","2025-11-16","2025-11-01","2025-11-30","2025년","11월","12일","수","N","","Y","2025-04-28","9999-12-31","2025-04-28 22:00:22.000000000","N","N","N","N","N","N","","","","","",""
"2025-11-13","2025-11-10~2025-11-16","2025-11","2025-11-10","2025-11-16","2025-11-01","2025-11-30","2025년","11월","13일","목","N","","Y","2025-04-28","9999-12-31","2025-04-28 22:00:22.000000000","N","N","N","N","N","N","","","","","",""
"2025-11-14","2025-11-10~2025-11-16","2025-11","2025-11-10","2025-11-16","2025-11-01","2025-11-30","2025년","11월","14일","금","N","","Y","2025-04-28","9999-12-31","2025-04-28 22:00:22.000000000","N","N","N","N","N","N","","","","","",""
"2025-11-15","2025-11-10~2025-11-16","2025-11","2025-11-10","2025-11-16","2025-11-01","2025-11-30","2025년","11월","15일","토","Y","","Y","2025-04-28","9999-12-31","2025-04-28 22:00:22.000000000","Y","N","N","N","N","N","","","","","",""
"2025-11-16","2025-11-10~2025-11-16","2025-11","2025-11-10","2025-11-16","2025-11-01","2025-11-30","2025년","11월","16일","일","Y","","Y","2025-04-28","9999-12-31","2025-04-28 22:00:22.000000000","Y","N","N","N","N","N","","","","","",""
"2025-11-17","2025-11-17~2025-11-23","2025-11","2025-11-17","2025-11-23","2025-11-01","2025-11-30","2025년","11월","17일","월","N","","Y","2025-04-28","9999-12-31","2025-04-28 22:00:22.000000000","N","N","N","N","N","Y","","","","","순국선열의 날","순국선열의 날"
"2025-11-18","2025-11-17~2025-11-23","2025-11","2025-11-17","2025-11-23","2025-11-01","2025-11-30","2025년","11월","18일","화","N","","Y","2025-04-28","9999-12-31","2025-04-28 22:00:22.000000000","N","N","N","N","N","N","","","","","",""
"2025-11-19","2025-11-17~2025-11-23","2025-11","2025-11-17","2025-11-23","2025-11-01","2025-11-30","2025년","11월","19일","수","N","","Y","2025-04-28","9999-12-31","2025-04-28 22:00:22.000000000","N","N","N","N","N","Y","","","","","아동학대 예방의 날","아동학대 예방의 날"
"2025-11-20","2025-11-17~2025-11-23","2025-11","2025-11-17","2025-11-23","2025-11-01","2025-11-30","2025년","11월","20일","목","N","","Y","2025-04-28","9999-12-31","2025-04-28 22:00:22.000000000","N","N","N","N","N","N","","","","","",""
"2025-11-21","2025-11-17~2025-11-23","2025-11","2025-11-17","2025-11-23","2025-11-01","2025-11-30","2025년","11월","21일","금","N","","Y","2025-04-28","9999-12-31","2025-04-28 22:00:22.000000000","N","N","N","N","N","N","","","","","",""
"2025-11-22","2025-11-17~2025-11-23","2025-11","2025-11-17","2025-11-23","2025-11-01","2025-11-30","2025년","11월","22일","토","Y","","Y","2025-04-28","9999-12-31","2025-04-28 22:00:22.000000000","Y","N","N","Y","N","Y","","","소설","","김치의 날","김치의 날,소설"
"2025-11-23","2025-11-17~2025-11-23","2025-11","2025-11-17","2025-11-23","2025-11-01","2025-11-30","2025년","11월","23일","일","Y","","Y","2025-04-28","9999-12-31","2025-04-28 22:00:22.000000000","Y","N","N","N","N","N","","","","","",""
"2025-11-24","2025-11-24~2025-11-30","2025-11","2025-11-24","2025-11-30","2025-11-01","2025-11-30","2025년","11월","24일","월","N","","Y","2025-04-28","9999-12-31","2025-04-28 22:00:22.000000000","N","N","N","N","N","N","","","","","",""
"2025-11-25","2025-11-24~2025-11-30","2025-11","2025-11-24","2025-11-30","2025-11-01","2025-11-30","2025년","11월","25일","화","N","","Y","2025-04-28","9999-12-31","2025-04-28 22:00:22.000000000","N","N","N","N","N","N","","","","","",""
"2025-11-26","2025-11-24~2025-11-30","2025-11","2025-11-24","2025-11-30","2025-11-01","2025-11-30","2025년","11월","26일","수","N","","Y","2025-04-28","9999-12-31","2025-04-28 22:00:22.000000000","N","N","N","N","N","N","","","","","",""
"2025-11-27","2025-11-24~2025-11-30","2025-11","2025-11-24","2025-11-30","2025-11-01","2025-11-30","2025년","11월","27일","목","N","","Y","2025-04-28","9999-12-31","2025-04-28 22:00:22.000000000","N","N","N","N","N","N","","","","","",""
"2025-11-28","2025-11-24~2025-11-30","2025-11","2025-11-24","2025-11-30","2025-11-01","2025-11-30","2025년","11월","28일","금","N","","Y","2025-04-28","9999-12-31","2025-04-28 22:00:22.000000000","N","N","N","N","N","N","","","","","",""
"2025-11-29","2025-11-24~2025-11-30","2025-11","2025-11-24","2025-11-30","2025-11-01","2025-11-30","2025년","11월","29일","토","Y","","Y","2025-04-28","9999-12-31","2025-04-28 22:00:22.000000000","Y","N","N","N","N","N","","","","","",""
"2025-11-30","2025-11-24~2025-11-30","2025-11","2025-11-24","2025-11-30","2025-11-01","2025-11-30","2025년","11월","30일","일","Y","","Y","2025-04-28","9999-12-31","2025-04-28 22:00:22.000000000","Y","N","N","N","N","N","","","","","",""
"2025-12-01","2025-12-01~2025-12-07","2025-12","2025-12-01","2025-12-07","2025-12-01","2025-12-31","2025년","12월","1일","월","N","","Y","2025-04-28","9999-12-31","2025-04-28 22:00:22.000000000","N","N","N","N","N","N","","","","","",""
"2025-12-02","2025-12-01~2025-12-07","2025-12","2025-12-01","2025-12-07","2025-12-01","2025-12-31","2025년","12월","2일","화","N","","Y","2025-04-28","9999-12-31","2025-04-28 22:00:22.000000000","N","N","N","N","N","N","","","","","",""
"2025-12-03","2025-12-01~2025-12-07","2025-12","2025-12-01","2025-12-07","2025-12-01","2025-12-31","2025년","12월","3일","수","N","","Y","2025-04-28","9999-12-31","2025-04-28 22:00:22.000000000","N","N","N","N","N","Y","","","","","소비자의 날","소비자의 날"
"2025-12-04","2025-12-01~2025-12-07","2025-12","2025-12-01","2025-12-07","2025-12-01","2025-12-31","2025년","12월","4일","목","N","","Y","2025-04-28","9999-12-31","2025-04-28 22:00:22.000000000","N","N","N","N","N","N","","","","","",""
"2025-12-05","2025-12-01~2025-12-07","2025-12","2025-12-01","2025-12-07","2025-12-01","2025-12-31","2025년","12월","5일","금","N","","Y","2025-04-28","9999-12-31","2025-04-28 22:00:22.000000000","N","N","N","N","N","Y","","","","","자원봉사자의 날,무역의 날","무역의 날,자원봉사자의 날"
"2025-12-06","2025-12-01~2025-12-07","2025-12","2025-12-01","2025-12-07","2025-12-01","2025-12-31","2025년","12월","6일","토","Y","","Y","2025-04-28","9999-12-31","2025-04-28 22:00:22.000000000","Y","N","N","N","N","N","","","","","",""
"2025-12-07","2025-12-01~2025-12-07","2025-12","2025-12-01","2025-12-07","2025-12-01","2025-12-31","2025년","12월","7일","일","Y","","Y","2025-04-28","9999-12-31","2025-04-28 22:00:22.000000000","Y","N","N","Y","N","N","","","대설","","","대설"
"2025-12-08","2025-12-08~2025-12-14","2025-12","2025-12-08","2025-12-14","2025-12-01","2025-12-31","2025년","12월","8일","월","N","","Y","2025-04-28","9999-12-31","2025-04-28 22:00:22.000000000","N","N","N","N","N","N","","","","","",""
"2025-12-09","2025-12-08~2025-12-14","2025-12","2025-12-08","2025-12-14","2025-12-01","2025-12-31","2025년","12월","9일","화","N","","Y","2025-04-28","9999-12-31","2025-04-28 22:00:22.000000000","N","N","N","N","N","N","","","","","",""
"2025-12-10","2025-12-08~2025-12-14","2025-12","2025-12-08","2025-12-14","2025-12-01","2025-12-31","2025년","12월","10일","수","N","","Y","2025-04-28","9999-12-31","2025-04-28 22:00:22.000000000","N","N","N","N","N","N","","","","","",""
"2025-12-11","2025-12-08~2025-12-14","2025-12","2025-12-08","2025-12-14","2025-12-01","2025-12-31","2025년","12월","11일","목","N","","Y","2025-04-28","9999-12-31","2025-04-28 22:00:22.000000000","N","N","N","N","N","N","","","","","",""
"2025-12-12","2025-12-08~2025-12-14","2025-12","2025-12-08","2025-12-14","2025-12-01","2025-12-31","2025년","12월","12일","금","N","","Y","2025-04-28","9999-12-31","2025-04-28 22:00:22.000000000","N","N","N","N","N","N","","","","","",""
"2025-12-13","2025-12-08~2025-12-14","2025-12","2025-12-08","2025-12-14","2025-12-01","2025-12-31","2025년","12월","13일","토","Y","","Y","2025-04-28","9999-12-31","2025-04-28 22:00:22.000000000","Y","N","N","N","N","N","","","","","",""
"2025-12-14","2025-12-08~2025-12-14","2025-12","2025-12-08","2025-12-14","2025-12-01","2025-12-31","2025년","12월","14일","일","Y","","Y","2025-04-28","9999-12-31","2025-04-28 22:00:22.000000000","Y","N","N","N","N","N","","","","","",""
"2025-12-15","2025-12-15~2025-12-21","2025-12","2025-12-15","2025-12-21","2025-12-01","2025-12-31","2025년","12월","15일","월","N","","Y","2025-04-28","9999-12-31","2025-04-28 22:00:22.000000000","N","N","N","N","N","N","","","","","",""
"2025-12-16","2025-12-15~2025-12-21","2025-12","2025-12-15","2025-12-21","2025-12-01","2025-12-31","2025년","12월","16일","화","N","","Y","2025-04-28","9999-12-31","2025-04-28 22:00:22.000000000","N","N","N","N","N","N","","","","","",""
"2025-12-17","2025-12-15~2025-12-21","2025-12","2025-12-15","2025-12-21","2025-12-01","2025-12-31","2025년","12월","17일","수","N","","Y","2025-04-28","9999-12-31","2025-04-28 22:00:22.000000000","N","N","N","N","N","N","","","","","",""
"2025-12-18","2025-12-15~2025-12-21","2025-12","2025-12-15","2025-12-21","2025-12-01","2025-12-31","2025년","12월","18일","목","N","","Y","2025-04-28","9999-12-31","2025-04-28 22:00:22.000000000","N","N","N","N","N","N","","","","","",""
"2025-12-19","2025-12-15~2025-12-21","2025-12","2025-12-15","2025-12-21","2025-12-01","2025-12-31","2025년","12월","19일","금","N","","Y","2025-04-28","9999-12-31","2025-04-28 22:00:22.000000000","N","N","N","N","N","N","","","","","",""
"2025-12-20","2025-12-15~2025-12-21","2025-12","2025-12-15","2025-12-21","2025-12-01","2025-12-31","2025년","12월","20일","토","Y","","Y","2025-04-28","9999-12-31","2025-04-28 22:00:22.000000000","Y","N","N","N","N","N","","","","","",""
"2025-12-21","2025-12-15~2025-12-21","2025-12","2025-12-15","2025-12-21","2025-12-01","2025-12-31","2025년","12월","21일","일","Y","","Y","2025-04-28","9999-12-31","2025-04-28 22:00:22.000000000","Y","N","N","N","N","N","","","","","",""
"2025-12-22","2025-12-22~2025-12-28","2025-12","2025-12-22","2025-12-28","2025-12-01","2025-12-31","2025년","12월","22일","월","N","","Y","2025-04-28","9999-12-31","2025-04-28 22:00:22.000000000","N","N","N","Y","N","N","","","동지","","","동지"
"2025-12-23","2025-12-22~2025-12-28","2025-12","2025-12-22","2025-12-28","2025-12-01","2025-12-31","2025년","12월","23일","화","N","","Y","2025-04-28","9999-12-31","2025-04-28 22:00:22.000000000","N","N","N","N","N","N","","","","","",""
"2025-12-24","2025-12-22~2025-12-28","2025-12","2025-12-22","2025-12-28","2025-12-01","2025-12-31","2025년","12월","24일","수","N","","Y","2025-04-28","9999-12-31","2025-04-28 22:00:22.000000000","N","N","N","N","N","N","","","","","",""
"2025-12-25","2025-12-22~2025-12-28","2025-12","2025-12-22","2025-12-28","2025-12-01","2025-12-31","2025년","12월","25일","목","Y","기독탄신일","Y","2025-04-28","9999-12-31","2025-04-28 22:00:22.000000000","N","Y","Y","N","N","N","기독탄신일","기독탄신일","","","","기독탄신일"
"2025-12-26","2025-12-22~2025-12-28","2025-12","2025-12-22","2025-12-28","2025-12-01","2025-12-31","2025년","12월","26일","금","N","","Y","2025-04-28","9999-12-31","2025-04-28 22:00:22.000000000","N","N","N","N","N","N","","","","","",""
"2025-12-27","2025-12-22~2025-12-28","2025-12","2025-12-22","2025-12-28","2025-12-01","2025-12-31","2025년","12월","27일","토","Y","","Y","2025-04-28","9999-12-31","2025-04-28 22:00:22.000000000","Y","N","N","N","N","Y","","","","","원자력 안전 및 진흥의 날","원자력 안전 및 진흥의 날"
"2025-12-28","2025-12-22~2025-12-28","2025-12","2025-12-22","2025-12-28","2025-12-01","2025-12-31","2025년","12월","28일","일","Y","","Y","2025-04-28","9999-12-31","2025-04-28 22:00:22.000000000","Y","N","N","N","N","N","","","","","",""
"2025-12-29","2025-12-29~2026-01-04","2025-12","2025-12-29","2026-01-04","2025-12-01","2025-12-31","2025년","12월","29일","월","N","","Y","2025-04-28","9999-12-31","2025-04-28 22:00:22.000000000","N","N","N","N","N","N","","","","","",""
"2025-12-30","2025-12-29~2026-01-04","2025-12","2025-12-29","2026-01-04","2025-12-01","2025-12-31","2025년","12월","30일","화","N","","Y","2025-04-28","9999-12-31","2025-04-28 22:00:22.000000000","N","N","N","N","N","N","","","","","",""
"2025-12-31","2025-12-29~2026-01-04","2025-12","2025-12-29","2026-01-04","2025-12-01","2025-12-31","2025년","12월","31일","수","N","","Y","2025-04-28","9999-12-31","2025-04-28 22:00:22.000000000","N","N","N","N","N","N","","","","","",""
